id,competition_id,position,age,Player_Name,club_id,minutes,detailed.accurate_crosses_per_90_overall,detailed.key_passes_per_90_overall,assists_per_90_overall,detailed.pass_completion_rate_overall,npg_per_90,detailed.shot_accuraccy_percentage_overall,detailed.shot_conversion_rate_overall,over_under_perform,detailed.dribbles_successful_per_90_overall,detailed.dispossesed_per_90_overall,detailed.fouls_drawn_per_90_overall,detailed.offsides_per_90_overall,detailed.tackles_per_90_overall,detailed.fouls_committed_per_90_overall,detailed.dribbled_past_per_game_overall,minutes_played_overall,age_encoded,passing_ability_score,finishing_ability_score,on_the_ball_ability_score,off_the_ball_ability_score,overall_score,UMAP_Passing1,UMAP_Passing2,UMAP_Finishing1,UMAP_Finishing2,UMAP_OnBall1,UMAP_OnBall2,UMAP_OffBall1,UMAP_OffBall2,UMAP_Overall1,UMAP_Overall2,Cluster_Passing,Cluster_Finishing,Cluster_OnBall,Cluster_OffBall,Cluster_Overall
4140,12325,Forward,27,Marcus Rashford,149,983,0.82,1.37,0.09,76.85,0.3662258392675483,81.82,36.36,-0.023774160732451644,0.92,0.55,0.64,0.64,0.64,0.73,0.33,983,2,79.13,118.52245167853508,1.01,-1.06,49.400612919633765,2.0635993,5.130955,-0.0741016,0.12739524,6.718393,0.9141068,6.9910593,0.28316697,-2.5058496,4.6033516,1,2,2,1,2
606764,12325,Forward,22,Amad Diallo Traoré,149,1504,0.89,2.1,0.36,84.96,0.3590425531914893,61.9,28.57,-0.0009574468085107313,2.16,1.78,1.27,0.51,2.1,0.89,0.55,1504,3,88.30999999999999,90.82808510638297,1.6500000000000001,0.15000000000000002,45.23452127659574,-1.2419881,6.087325,0.28553528,1.4022652,3.2105374,3.6552534,12.06408,3.8971906,-2.3941762,6.4496794,1,2,0,1,2
685899,12325,Forward,20,Alejandro Garnacho,149,1228,0.31,1.49,0.07,83.07,0.21986970684039087,57.14,8.57,-0.2901302931596092,0.94,2.12,1.8,0.39,1.1,0.47,0.62,1228,3,84.94,65.63973941368079,0.6199999999999999,-0.3799999999999999,37.7049348534202,4.179382,4.067819,1.2301803,4.624207,-0.80657065,2.9936616,9.600645,1.1216818,0.19957973,8.220557,0,0,1,1,2
165580,12325,Forward,23,Joshua Zirkzee,149,854,0.0,1.2,0.11,73.22,0.3161592505854801,61.54,23.08,-0.053840749414519884,0.77,2.08,0.77,0.22,1.09,0.77,0.0,854,3,74.53,84.88231850117096,-0.54,0.10000000000000009,39.74307962529274,3.4705493,7.285222,0.2631103,2.190603,6.4535084,0.65537906,5.676633,1.7878866,-0.28658795,4.861584,2,0,2,2,2
192322,12325,Forward,24,Antony Matheus,149,133,2.03,2.03,0.0,82.76,0.0,60.0,0.0,-0.47,2.71,1.35,3.38,0.0,4.06,1.35,0.38,133,2,86.82000000000001,59.53,4.74,2.3299999999999996,38.35500000000001,0.32670286,4.001545,2.9395149,9.267458,-2.1793303,6.721201,0.22383794,9.174029,-1.4649215,8.062874,1,1,1,0,2
4251,12325,Forward,29,Adama Traoré,162,1044,1.25,2.41,0.26,81.1,0.17241379310344826,56.25,12.5,-0.10758620689655174,2.41,1.07,1.79,0.09,0.71,1.16,0.29,1044,1,85.02,68.81482758620689,3.13,-0.8299999999999998,39.03370689655171,-0.6778398,4.916285,1.4806626,4.9839854,-0.008319484,5.2117643,7.468474,0.44704148,-1.3472295,7.7405043,1,0,1,1,2
2972,12325,Forward,28,Alex Iwobi,162,1949,0.58,2.03,0.14,80.12,0.323242688558235,59.38,21.88,-0.12675731144176494,1.6,1.31,0.73,0.1,1.45,0.58,0.27,1949,2,82.87,81.45648537711648,1.02,0.4999999999999999,41.46162134427912,0.68430597,5.496742,0.35751846,2.7442496,5.4748454,3.7231114,13.178725,4.874537,-1.2339455,6.7159367,1,0,0,1,2
683703,12325,Forward,23,Rodrigo Muniz,162,643,0.0,0.88,0.14,67.05,0.4199066874027994,50.0,15.0,-0.10009331259720067,0.58,2.34,2.78,0.15,0.44,1.17,0.0,643,3,68.07,65.3198133748056,1.02,-0.8799999999999999,33.38245334370141,3.084941,8.675962,2.8106031,1.0440799,-2.5415592,5.254513,2.6567247,1.6321586,2.7989674,4.9665346,2,2,1,2,0
3351,12325,Forward,33,Raúl Jiménez,162,1459,0.19,0.71,0.12,71.12,0.30843043180260454,52.38,19.05,-0.1115695681973955,0.71,1.48,1.68,0.71,1.22,1.48,0.32,1459,1,72.14,71.62686086360522,0.9099999999999999,-1.29,35.846715215901305,2.9318175,8.033669,1.3598492,3.4603848,-0.42135093,2.2846012,11.478559,2.9890566,1.9410279,5.1698956,2,0,1,1,0
4373,12325,Forward,27,Harry Wilson,162,835,1.04,2.07,0.11,79.08,0.5389221556886228,45.0,25.0,-0.09107784431137722,0.92,0.46,1.61,0.0,1.15,1.15,0.17,835,2,82.3,70.44784431137725,2.0700000000000003,-0.17,38.66196107784432,1.0412769,4.817721,2.2962716,0.49379876,0.11924528,2.4214237,5.640679,1.730015,-0.9172926,7.5435095,1,2,1,2,2
729,12325,Forward,30,Wes Burns,220,932,0.8,1.0,0.1,68.56,0.0,25.0,0.0,-0.04999999999999999,0.9,1.29,1.0,0.0,1.29,0.4,0.35,932,1,70.46000000000001,24.95,0.61,0.54,24.140000000000004,2.7875104,6.201871,3.4681175,10.7640915,4.9569926,0.7669401,6.61933,1.5249579,5.9224057,5.433489,2,1,2,2,0
10051,12325,Forward,27,Conor Chaplin,220,611,0.29,0.88,0.15,75.94,0.14729950900163666,44.44,11.11,-0.08270049099836335,0.44,0.59,0.74,0.0,1.62,1.47,0.4,611,2,77.25999999999999,55.61459901800327,0.5900000000000001,-0.2499999999999999,33.30364975450082,2.4679947,7.1447453,2.5174103,5.410979,8.893595,3.325856,3.572607,3.0175424,2.6006994,6.885562,2,0,0,2,0
464988,12325,Forward,32,Mohamed Salah,151,1947,0.44,2.37,0.6,73.48,0.6471494607087828,60.87,26.09,0.09714946070878283,1.5,1.84,1.21,0.34,0.53,0.63,0.14,1947,1,76.89,87.70429892141756,0.8699999999999999,-0.5800000000000001,41.22107473035439,-2.0336792,6.4037676,1.2742004,-1.1698477,3.6152563,2.9044406,13.180907,4.594209,-0.5117373,5.3344584,1,2,0,1,2
3238,12325,Forward,28,Diogo Jota,151,627,0.29,0.86,0.29,72.62,0.7177033492822966,55.56,27.78,0.10770334928229663,1.15,1.72,1.29,0.0,0.86,1.43,0.54,627,2,74.06,84.1654066985646,0.72,-1.1099999999999999,39.458851674641146,0.37814927,8.250961,1.2603054,-1.3162847,2.5255265,1.4219023,2.906594,1.9944438,0.1979023,5.0799146,1,2,0,2,2
75423,12325,Forward,28,Luis Díaz,151,1346,0.29,1.93,0.13,86.79,0.5349182763744428,59.38,25.0,-0.09508172362555722,1.57,1.71,1.29,0.43,1.07,2.07,0.5,1346,2,89.14,84.81983655274888,1.1500000000000001,-1.9299999999999997,43.29495913818722,0.5538584,5.433722,1.4383291,-0.21229514,3.3390498,3.0624049,10.586875,1.8787787,-2.216604,6.497562,1,2,0,1,2
15637,12325,Forward,25,Cody Gakpo,151,1234,0.62,2.08,0.22,84.1,0.5834683954619124,46.67,20.0,0.12346839546191246,1.62,0.85,1.23,0.31,1.47,0.93,0.38,1234,2,87.02,67.37693679092382,2.0,-0.15000000000000013,39.06173419773095,0.12941734,5.6220546,2.3021202,0.8827824,3.512474,3.0756469,9.582755,1.4496485,-0.84915745,8.20404,1,2,0,1,2
125108,12325,Forward,25,Darwin Núñez,151,801,0.0,0.69,0.22,69.12,0.449438202247191,50.0,20.0,-0.0005617977528089568,0.93,1.5,1.27,0.93,1.85,2.31,0.38,801,2,70.03,70.44887640449438,0.7000000000000001,-1.77,34.85221910112359,1.134805,8.692936,2.3345993,1.2213597,2.780198,1.0051668,4.9436088,3.5245075,2.313235,5.1229844,1,2,2,2,0
120177,12325,Forward,23,Bukayo Saka,59,1276,2.18,3.03,0.71,83.75,0.28213166144200624,64.29,17.86,0.07213166144200611,2.11,2.47,2.26,0.21,1.48,0.92,0.56,1276,3,89.67,82.50426332288401,1.8999999999999995,-0.21000000000000008,43.46606583072101,-2.0506344,5.940218,0.054378238,2.9234173,-0.6213239,5.2148476,9.762873,1.554453,-2.32816,6.970137,1,0,1,1,2
142754,12325,Forward,23,Gabriel Martinelli,59,1372,0.77,1.54,0.13,77.38,0.3935860058309038,68.42,31.58,-0.03641399416909619,1.19,1.96,0.84,0.35,1.12,0.63,0.55,1372,3,79.82,100.3571720116618,0.06999999999999995,-0.4099999999999999,44.95929300291545,1.7413989,5.2872305,0.32424417,0.24514714,5.639379,1.226991,10.731428,2.132207,-1.850952,4.4299226,1,2,2,1,2
21446,12325,Forward,30,Leandro Trossard,59,1368,0.85,1.69,0.26,77.41,0.2631578947368421,55.0,20.0,-0.05684210526315803,1.13,1.69,1.2,0.21,1.27,0.77,0.55,1368,1,80.21,75.20631578947369,0.6399999999999999,-0.26,38.94907894736842,-0.366309,5.500264,1.1497284,3.158516,2.9003575,1.2843028,10.59298,2.1967008,0.22428603,6.6536074,1,0,2,1,2
470871,12325,Forward,27,Gabriel Jesus,59,603,0.15,1.2,0.0,79.26,0.44776119402985076,50.0,18.75,-0.12223880597014919,1.35,1.95,1.5,1.35,1.5,2.1,0.24,603,2,80.61,69.0755223880597,0.9000000000000001,-2.1900000000000004,37.098880597014926,4.783215,4.2368956,2.597098,0.79453284,1.5403786,3.031349,3.49525,2.9223254,0.7450191,7.00572,0,2,0,2,2
123381,12325,Forward,25,Edward Nketiah,59,621,0.0,1.5,0.14,73.33,0.0,43.75,0.0,-0.27,0.9,1.5,2.69,0.3,1.79,2.39,0.25,621,2,74.97,43.48,2.09,-1.1500000000000001,29.847499999999997,3.4118426,7.154187,3.3076699,9.503703,-2.2688458,5.187084,3.693375,3.080794,4.077949,6.4292974,2,1,1,2,0
123480,12325,Forward,25,Reiss Nelson,59,488,1.84,2.4,0.18,91.7,0.18442622950819673,66.67,11.11,-0.22557377049180327,2.21,1.48,1.84,0.18,1.66,1.29,0.67,488,2,96.12,77.73885245901639,2.5700000000000003,-0.4800000000000001,43.9872131147541,0.09315669,4.3169255,0.7941485,4.743437,-0.048606537,5.1420617,2.6799753,3.6838267,-2.1251545,7.521073,1,0,1,2,2
23113,12325,Forward,29,Hee-Chan Hwang,223,613,0.33,0.33,0.0,84.42,0.29900332225913623,66.67,66.67,0.0190033222591362,0.17,1.33,1.16,0.0,0.66,0.83,0.13,613,1,85.08,133.65800664451828,-2.220446049250313e-16,-0.29999999999999993,54.60950166112957,6.0527997,4.5382266,-0.10584159,-0.6709205,3.5250626,-0.15832467,2.5888364,1.7766898,-2.7466257,4.7454205,0,2,2,2,2
13246,12325,Forward,24,Jørgen Strand Larsen,223,1844,0.05,0.65,0.1,62.72,0.34164859002169196,75.0,21.88,-0.028351409978307984,0.2,0.84,0.6,0.6,0.3,1.49,0.68,1844,2,63.519999999999996,97.19329718004337,-0.039999999999999925,-2.47,39.55082429501084,3.4401152,8.93247,-0.40674037,3.0160153,8.971434,3.8666496,13.211539,4.2085013,0.35937932,3.8725693,2,0,0,1,2
685947,12325,Forward,21,Rodrigo Gomes,223,545,0.5,1.49,0.0,67.96,0.1651376146788991,66.67,33.33,-0.09486238532110092,0.5,1.0,0.66,0.0,2.66,0.17,0.53,545,3,69.94999999999999,100.07027522935779,0.16000000000000003,1.9600000000000002,43.03506880733944,4.763753,7.5518975,-0.027231291,0.8079433,8.774089,3.421148,3.8444788,4.011949,-0.7806254,4.6905775,2,2,0,2,2
40467,12325,Forward,25,Matheus Cunha,223,1878,1.17,1.86,0.19,77.52,0.5033557046979866,53.33,22.22,-0.09664429530201346,1.75,1.64,2.12,0.42,1.48,1.33,0.9,1878,2,80.74,75.95671140939598,2.2300000000000004,-1.17,39.43917785234899,-0.18228123,5.0694895,2.1483493,0.5728548,-0.5538657,4.8965297,13.129422,4.8667593,-1.0212125,7.111489,1,2,1,1,2
631858,12325,Forward,24,Francisco Jorge Tavares Oliveira,223,6,15.0,15.0,0.0,100.0,0.0,0.0,0.0,-0.75,0.0,0.0,0.0,0.0,0.0,15.0,0.0,6,2,130.0,-0.75,0.0,-15.0,28.5625,-0.3803043,4.2244716,2.3110693,11.352822,14.142843,7.4291973,-3.0569692,6.7915516,7.686633,6.0837936,1,1,0,0,1
3279,12325,Forward,32,Pablo Sarabia,223,427,1.32,1.32,0.21,72.36,0.25862068965517243,100.0,16.67,-0.33137931034482765,1.32,0.66,1.98,1.32,1.98,0.66,0.38,427,1,75.21,116.59724137931035,2.64,-0.3800000000000001,48.51681034482758,2.0261068,5.6610937,0.110240676,4.255412,-0.4267905,4.209532,2.4704747,4.0242844,-2.0272987,5.122015,1,0,1,2,2
468482,12325,Forward,28,Gonçalo Guedes,223,686,0.89,1.33,0.52,75.25,0.2936378466557912,60.0,20.0,0.13363784665579115,0.74,1.77,1.92,0.0,1.77,1.77,0.42,686,2,77.99,80.42727569331159,0.8899999999999999,-0.42,39.721818923327895,-1.9101218,6.4189615,0.49968767,2.5675,-1.0563419,3.1522343,4.075355,2.856318,-0.13072714,6.1032734,1,0,1,2,2
4308,12325,Forward,27,Dominic Calvert-Lewin,144,1582,0.06,0.4,0.06,62.64,0.1706700379266751,47.37,7.89,-0.11932996207332494,0.57,1.66,1.26,1.55,0.46,1.55,0.19,1582,2,63.160000000000004,55.31134007585335,0.17000000000000015,-2.83,28.95283501896334,5.736453,8.337832,2.3593297,5.681926,3.0687497,0.10917845,12.58985,2.5629172,4.21748,4.806503,2,0,2,1,0
476,12325,Forward,28,Jack Harrison,144,1002,0.63,1.26,0.0,73.73,0.0,27.27,0.0,-0.15000000000000002,0.81,2.16,1.35,0.27,1.44,0.63,0.61,1002,2,75.62,27.12,0.0,-0.07000000000000006,25.667500000000004,3.9067872,5.06264,3.4011986,10.470005,2.4469886,0.8505088,7.6831484,1.2504307,5.8766804,5.5322356,0,1,2,1,0
171045,12325,Forward,25,Dwight McNeil,144,1143,2.83,2.52,0.24,81.88,0.23622047244094488,50.0,18.75,-0.05377952755905513,1.57,1.89,1.02,0.08,0.71,0.47,0.69,1143,2,87.47,68.93244094488189,0.7000000000000002,-0.5299999999999999,39.14311023622047,-0.46153757,4.117425,1.5846086,3.430065,4.446918,2.9559758,8.3372135,0.23614955,0.03480375,8.24644,1,0,0,1,2
185945,12325,Forward,26,Beto Bercique,144,305,0.0,0.0,0.0,44.44,0.29508196721311475,44.44,11.11,-0.2649180327868853,2.76,1.97,3.16,1.58,1.58,3.55,0.08,305,2,44.44,55.580163934426224,3.95,-3.63,25.085040983606557,6.6048665,9.3196745,1.8296298,4.4387636,-2.2379282,6.6722856,1.7527186,4.6080804,4.0451355,4.8997474,2,0,1,2,0
174554,12325,Forward,27,Kaoru Mitoma,209,1851,0.46,1.64,0.15,80.7,0.24311183144246354,64.0,20.0,-0.11688816855753648,1.74,0.82,0.77,0.2,1.38,1.38,1.0,1851,2,82.95,84.12622366288493,1.69,-1.2,41.891555915721234,0.81046677,5.647704,0.32421887,3.425313,5.2873497,3.6059144,13.063378,4.9280624,-1.3681743,6.338011,1,0,0,1,2
3406,12325,Forward,34,Danny Welbeck,209,1290,0.0,0.9,0.14,84.67,0.41860465116279066,50.0,23.08,-0.0413953488372093,0.53,1.35,1.2,0.15,0.9,0.53,0.44,1290,1,85.71000000000001,73.45720930232558,0.3799999999999999,-0.22000000000000003,39.8318023255814,1.4401008,6.586255,1.9795082,1.1479803,3.4367933,-0.038920023,10.296378,1.5020171,-0.016137725,7.9818015,1,2,2,1,2
196841,12325,Forward,23,João Pedro,209,1300,0.22,1.27,0.35,75.8,0.27692307692307694,70.59,29.41,0.02692307692307694,1.49,1.79,2.31,0.0,0.67,0.82,0.25,1300,3,77.64,100.30384615384617,2.01,-0.3999999999999999,44.888461538461534,-0.61053914,7.530421,0.049012892,0.87279207,-1.0875808,4.8426647,10.683413,1.5054744,-1.8059474,5.3572598,1,2,1,1,2
792859,12325,Forward,20,Yankuba Minteh,209,746,1.48,1.6,0.24,65.03,0.36193029490616624,40.0,30.0,0.061930294906166194,2.22,0.86,0.49,0.25,1.6,1.36,0.53,746,3,68.35,70.42386058981232,1.8500000000000003,-0.54,35.02096514745308,2.0280004,5.7431746,1.6294518,1.8311337,5.6595936,4.332909,4.653107,2.5304892,2.4893286,4.940589,1,2,0,2,0
716444,12325,Forward,23,Simon Adingra,209,550,0.65,1.14,0.16,81.07,0.32727272727272727,50.0,25.0,-0.0027272727272726893,1.8,0.98,0.0,0.0,2.12,1.47,0.67,550,3,83.02,75.32454545454546,0.8200000000000001,-0.019999999999999907,39.78613636363636,0.9870577,5.7911897,1.3089151,1.7669694,7.04619,4.7897186,3.5209718,3.7318735,-0.08648985,7.486249,1,2,0,2,2
7229,12325,Forward,29,Jacob Murphy,157,1263,0.69,1.69,0.5,76.47,0.2137767220902613,44.44,16.67,0.07377672209026132,0.77,1.46,0.38,0.23,1.0,0.38,0.37,1263,1,79.35,61.39755344418052,-0.30999999999999994,0.020000000000000018,35.11438836104513,-2.02696,6.3734884,2.2215593,4.5963264,8.057986,4.53649,10.074335,1.3620062,1.9931875,7.217286,1,0,0,1,0
1501,12325,Forward,25,Alexander Isak,157,1807,0.11,1.87,0.25,75.38,0.8386721025043681,66.67,35.71,0.12867210250436822,1.81,1.7,0.49,0.82,0.38,1.04,0.25,1807,2,77.61,103.34734420500874,0.6000000000000001,-1.73,44.95683605125218,-0.17931958,7.518501,0.7442697,-1.717155,5.906607,4.1981735,13.189803,4.1982975,-1.7857645,4.3205605,1,2,0,1,2
120004,12325,Forward,23,Anthony Gordon,157,1780,1.38,2.45,0.25,79.22,0.25280898876404495,54.55,18.18,-0.02719101123595502,1.59,1.44,2.5,0.11,1.17,0.85,0.76,1780,3,83.3,72.95561797752809,2.6500000000000004,-0.5500000000000002,39.58890449438202,-0.68664867,4.827606,1.4477392,3.3520539,-1.4565945,5.1288,12.906382,4.5861025,-1.2187957,7.497351,1,0,1,1,2
3392,12325,Forward,27,Harvey Barnes,157,776,0.93,1.16,0.12,82.28,0.5798969072164948,50.0,22.73,-0.030103092783505203,1.4,1.4,1.4,0.23,1.16,0.93,0.1,776,2,84.49,73.27979381443299,1.4,-0.10000000000000012,39.76744845360825,1.354336,5.2870507,2.3415613,0.505229,1.7577223,3.0664442,5.2078757,2.006834,-0.39603817,7.7740293,1,2,0,2,2
28747,12325,Forward,30,Miguel Almirón,157,150,0.0,1.22,0.0,81.67,0.0,25.0,0.0,-0.28,0.0,1.22,1.84,1.22,1.84,0.61,0.12,150,1,82.89,24.72,0.6200000000000001,-0.10999999999999988,27.03,4.72924,4.0315714,3.0909624,10.442724,-1.098335,2.0900908,0.39141503,7.092774,7.085723,5.793581,0,1,1,0,1
4702,12325,Forward,27,Adam Armstrong,146,1254,0.23,0.68,0.14,84.71,0.14354066985645933,47.06,11.76,-0.016459330143540674,0.45,1.36,0.38,0.68,0.98,0.83,0.58,1254,2,85.75999999999999,58.947081339712916,-0.5300000000000001,-1.1099999999999999,35.766770334928225,1.4430188,6.4729595,2.2523198,5.3383484,8.448282,4.481416,10.007866,1.2643069,1.9105753,7.6566043,1,0,0,1,0
7632,12325,Forward,25,Ben Brereton,146,446,0.2,0.61,0.0,78.98,0.0,12.5,0.0,-0.19,0.2,0.81,1.61,0.2,0.61,0.81,0.8,446,2,79.79,12.31,1.0,-1.2000000000000002,22.975,5.417864,4.92459,2.7324579,11.426187,-0.4897228,1.5281672,-0.20267586,4.724564,7.5240426,5.5168395,0,1,1,0,1
4631,12325,Forward,33,Chris Wood,211,1848,0.05,0.46,0.1,65.05,0.5844155844155845,62.16,37.84,0.044415584415584464,0.15,0.51,0.77,1.08,0.1,0.61,0.23,1848,1,65.66,100.62883116883117,0.41000000000000003,-1.82,41.21970779220779,3.3083007,8.834648,0.2825415,-0.96457773,9.245606,3.2890072,13.245665,4.243794,0.33305436,3.9754093,2,2,0,1,2
123453,12325,Forward,24,Callum Hudson-Odoi,211,1537,0.53,2.05,0.12,89.08,0.17566688353936238,52.63,15.79,-0.09433311646063763,1.58,1.11,0.76,0.41,0.88,0.41,0.2,1537,2,91.78,68.50133376707873,1.23,-0.13999999999999996,40.342833441769685,0.46260825,5.1683083,1.5133988,4.1988597,5.4082494,3.6444361,12.095217,3.142929,-0.63478136,8.373979,1,0,0,1,2
14740,12325,Forward,27,Taiwo Awoniyi,211,243,0.0,0.39,0.0,64.91,0.3829787234042553,37.5,12.5,-0.1470212765957447,0.39,3.86,2.7,0.39,1.55,2.7,0.06,243,2,65.3,50.23595744680851,-0.7699999999999996,-1.6,28.29148936170213,5.9009104,8.120557,2.6812787,4.041602,-2.670966,5.1391478,0.62423456,6.088069,3.8885615,4.6171427,2,0,1,0,0
75056,12325,Forward,25,Luis Sinisterra,148,204,0.44,3.53,0.44,82.54,0.4411764705882353,66.67,11.11,-0.2688235294117647,3.09,0.88,0.88,0.44,1.76,1.32,0.5,204,2,86.95,77.95235294117647,3.09,-0.5,41.87308823529412,-1.5787207,6.349291,0.6803979,4.2709427,4.486707,4.273398,0.5757527,6.5993543,-2.1002576,7.262251,1,0,0,0,2
145583,12325,Forward,25,Antoine Semenyo,148,1931,0.2,1.17,0.14,77.9,0.3262558259968928,46.15,11.54,-0.09374417400310725,1.86,2.15,1.32,0.34,1.56,2.05,0.76,1931,2,79.41000000000001,57.92251165199379,1.0300000000000002,-1.5899999999999999,34.19312791299845,2.1540906,6.873414,2.400039,3.8923953,3.1664736,3.3920145,13.197933,4.8584914,2.665768,6.916518,1,0,0,1,0
14795,12325,Forward,25,Justin Kluivert,148,1543,0.53,1.58,0.23,75.66,0.3097040605643496,60.53,26.32,-0.010295939435650325,0.73,1.05,1.05,0.33,0.99,1.91,0.33,1543,2,78.0,87.1494081211287,0.73,-1.58,41.07485203028217,0.30637112,6.4483876,0.3059603,1.6421388,4.4296947,0.37001112,11.99793,3.2498782,-0.43538085,5.580941,1,2,2,1,2
4174,12325,Forward,34,Michail Antonio,153,844,0.21,0.96,0.11,71.9,0.1066350710900474,33.33,8.33,-0.06336492890995263,0.64,2.13,0.75,0.43,0.11,1.28,0.07,844,1,73.18,41.70327014218009,-0.7399999999999998,-1.6700000000000002,28.118317535545025,3.1458812,7.4202566,3.1924407,5.661838,6.3661833,0.5607376,4.0598283,1.085829,4.716679,5.5711875,2,0,2,2,0
3930,12325,Forward,28,Jarrod Bowen,153,1659,1.08,2.06,0.22,78.57,0.21699819168173598,60.0,14.29,-0.11300180831826406,1.46,2.17,1.25,0.27,1.3,0.81,0.84,1659,2,81.92999999999999,74.39399638336347,0.54,-0.62,39.06099909584086,-0.4225525,5.0681415,1.1224799,4.3914995,3.4276884,2.6549602,12.539579,3.9416618,0.1888615,6.959131,1,0,0,1,2
3461,12325,Forward,31,Niclas Füllkrug,153,367,0.0,1.72,0.25,69.23,0.49046321525885556,50.0,33.33,0.10046321525885549,0.0,0.49,0.74,0.98,0.49,2.21,0.11,367,1,71.2,83.92092643051771,0.25,-2.81,38.14023160762943,0.15222307,8.5128,0.57965904,-0.28959522,9.209084,3.41473,-0.41541693,4.9181104,0.69599885,4.6284127,1,2,0,0,2
195825,12325,Forward,23,Crysencio Summerville,153,779,1.04,1.96,0.12,78.35,0.11553273427471115,62.5,12.5,-0.09446726572528885,1.5,1.85,2.66,0.46,1.39,1.04,0.32,779,3,81.47,75.02106546854942,2.31,-0.4300000000000001,39.59276636713736,0.96102446,4.8446255,1.3100853,5.3327622,-1.6768888,5.238049,5.060826,2.1759167,-1.1330214,7.2690296,1,0,1,2,2
4490,12325,Forward,32,Danny Ings,153,252,0.0,1.9,0.71,72.73,0.3571428571428571,62.5,12.5,-0.0128571428571429,1.14,1.9,0.38,0.0,1.52,0.0,0.17,252,1,75.34,75.34428571428572,-0.38,1.35,37.91357142857143,-2.1463394,6.3471556,0.33151597,3.209677,7.5606756,4.481536,0.6644271,6.013462,1.4652954,6.6695647,1,0,0,0,0
1463,12325,Forward,27,Leon Bailey,158,1037,0.29,1.36,0.17,78.09,0.09063444108761329,40.0,10.0,-0.07936555891238672,1.55,1.74,1.55,0.29,0.48,0.87,0.17,1037,2,79.91,50.01126888217523,1.36,-0.85,32.607817220543815,1.9074706,6.7014794,2.9034753,5.6366625,1.5185776,3.4427454,7.3614807,0.1430117,3.1168685,7.062757,1,0,0,1,0
9919,12325,Forward,29,Ollie Watkins,158,1605,0.0,1.05,0.28,76.82,0.4485981308411215,57.45,21.28,0.008598130841121598,0.35,1.81,1.46,0.23,0.29,1.23,0.23,1605,1,78.14999999999999,79.18719626168225,0.0,-1.4,38.98429906542056,0.10950839,7.560508,2.0746815,1.2473627,-0.09384234,1.3174889,12.623393,2.631886,0.2228751,6.039567,1,2,1,1,2
120077,12325,Forward,22,Morgan Rogers,158,1819,0.0,1.49,0.2,74.95,0.29686641011544807,50.0,27.27,-0.003133589884551924,1.85,2.16,1.49,0.0,1.08,1.6,0.71,1819,3,76.64,77.5637328202309,1.18,-1.23,38.53843320505773,2.0630817,7.1251974,1.2709672,1.8393073,2.240418,3.550024,12.941895,4.6895027,0.6925069,5.8570805,1,2,0,1,2
196605,12325,Forward,21,Jhon Durán,158,626,0.0,0.6,0.0,70.78,1.0063897763578273,60.0,28.0,-0.02361022364217269,0.45,1.94,2.24,0.75,1.2,2.09,0.16,626,3,71.38,88.98277955271566,0.7500000000000002,-1.7999999999999998,39.82819488817891,5.565876,6.78361,1.2969981,-1.785317,-2.4214437,3.9777062,3.184319,2.50253,0.42460436,4.6645646,2,2,1,2,2
17479,12325,Forward,28,Yoane Wissa,218,1579,0.0,0.91,0.11,81.99,0.5699810006333123,62.16,27.03,-0.040018999366687735,0.42,0.79,1.75,0.48,0.42,0.79,0.37,1579,2,83.00999999999999,89.71996200126661,1.38,-1.2200000000000002,43.222490500316646,1.5770653,6.648772,1.1891286,-0.4331519,-0.81106347,2.0633965,12.570565,2.5886953,-1.7488859,6.1348186,1,2,1,1,2
184606,12325,Forward,23,Kevin Schade,218,1073,0.09,0.64,0.17,62.89,0.5032618825722274,64.71,29.41,0.10326188257222746,0.82,1.73,1.18,1.0,1.82,0.91,0.18,1073,3,63.79,94.72652376514445,0.2699999999999999,-0.26999999999999996,39.629130941286114,2.2905838,8.924961,0.65614116,-0.47185415,3.052474,0.6465481,8.2686615,1.3465605,0.4568889,4.1861677,2,2,2,1,2
139710,12325,Forward,24,Mikkel Damsgaard,218,1712,0.89,1.78,0.37,78.76,0.10514018691588785,50.0,14.29,0.005140186915887801,1.33,1.78,1.0,0.17,2.44,0.44,1.14,1712,2,81.80000000000001,64.40028037383176,0.55,0.6900000000000002,36.86007009345795,-1.3115175,5.904608,2.0909157,5.1580067,4.702183,2.16963,12.433797,4.2750554,1.2852321,7.404797,1,0,0,1,0
195665,12325,Forward,23,Keane Lewis-Potter,218,1833,0.57,0.72,0.1,82.7,0.049099836333878884,76.92,7.69,-0.08090016366612113,0.83,0.67,0.88,0.21,1.5,0.41,0.36,1833,3,84.09,84.57819967266776,1.04,0.5200000000000001,42.55704991816694,1.4987104,5.9531403,1.1467868,5.421626,5.9635024,0.723731,13.080686,4.8700376,-1.7568188,6.3636346,1,0,2,1,2
17489,12325,Forward,27,Jean-Philippe Mateta,143,1777,0.05,1.07,0.05,70.33,0.30388294879009564,58.06,25.81,-0.06611705120990441,0.48,1.39,1.01,0.48,0.48,0.85,0.5,1777,2,71.5,84.1077658975802,0.10000000000000009,-1.35,38.589441474395045,4.4786105,7.1576967,0.34217826,1.8993362,4.4348035,0.17022257,13.173532,4.11233,0.40173164,4.5818033,2,2,2,1,2
17410,12325,Forward,27,Odsonne Édouard,143,140,0.0,1.29,0.0,61.11,0.0,33.33,0.0,-0.22999999999999998,0.64,1.29,0.0,1.29,1.29,3.86,0.33,140,2,62.4,33.1,-0.65,-4.1899999999999995,22.665,5.376769,8.756855,3.3435524,10.07963,7.9794445,5.0897746,0.25268978,6.7733517,4.6311774,4.9009776,2,1,0,0,0
4370,12325,Forward,33,Jordan Ayew,143,1192,0.44,0.8,0.0,79.72,0.24500907441016334,52.94,23.53,-0.1149909255898367,1.15,2.66,3.2,0.27,1.69,1.86,0.35,1192,1,80.96,76.60001814882033,1.69,-0.7900000000000001,39.61500453720508,4.8953996,4.775387,1.0136276,2.949607,-2.403664,6.167621,9.436679,1.4894462,-0.80679387,6.9348006,0,0,1,1,2
690563,12325,Forward,23,Nicolas Jackson,152,1698,0.08,1.06,0.27,78.28,0.4770318021201414,52.78,13.89,0.17703180212014136,0.98,1.51,1.21,0.91,1.13,1.21,0.13,1698,3,79.69,67.3240636042403,0.6799999999999999,-1.12,36.64351590106007,0.03018961,7.309949,2.6628754,1.6819866,2.8643794,0.9964716,12.734656,4.002412,0.84737307,6.892444,1,2,2,1,2
5418,12325,Forward,24,Pedro Neto,152,1087,1.26,1.77,0.17,87.06,0.0827966881324747,54.55,9.09,-0.1072033118675253,1.51,1.09,1.43,0.08,0.93,0.93,0.47,1087,2,90.26,63.615593376264954,1.8499999999999999,-0.5499999999999999,38.793898344066235,0.7042896,4.887999,1.971861,5.748395,1.796516,3.224223,8.050371,0.6284575,-0.84132725,8.369221,1,0,0,1,2
797546,12325,Forward,19,Marc Guiu,152,33,0.0,0.0,0.0,50.0,0.0,0.0,0.0,-0.03,0.0,0.0,0.0,0.0,0.0,0.0,0.0,33,3,50.0,-0.03,0.0,0.0,12.4925,6.7296786,9.36176,4.1874104,12.763644,14.050105,7.3578744,-3.5704796,7.0199113,6.729929,4.711797,2,1,0,0,1
595016,12325,Forward,22,Noni Madueke,152,1382,0.56,1.53,0.2,84.91,0.4558610709117221,54.35,13.04,-0.09413892908827792,1.53,1.46,1.11,0.21,1.04,1.11,0.75,1382,3,87.2,67.75172214182345,1.1800000000000002,-1.03,38.77543053545586,0.36785522,5.7921796,2.8652134,0.9614633,4.1634355,2.831273,10.842058,2.1939569,-0.22483835,8.367967,1,2,0,1,2
194467,12325,Forward,24,Mykhailo Mudryk,152,145,0.62,1.23,0.0,77.14,0.0,100.0,0.0,-0.16,1.85,4.32,1.23,0.62,1.23,1.23,0.0,145,2,78.99,99.84,-1.2400000000000002,-0.62,44.24249999999999,3.8962357,4.816071,-1.0731065,8.799254,3.29243,3.2818077,0.17606252,6.745244,-1.5850449,4.4752526,0,1,0,0,2
13248,12325,Forward,24,Erling Haaland,93,2037,0.05,0.88,0.09,67.94,0.7511045655375552,66.67,22.67,0.011104565537555233,0.46,0.83,0.55,0.18,0.37,0.65,0.09,2037,2,68.96,90.10220913107511,0.1800000000000001,-0.55,39.67305228276878,3.3962991,8.509277,1.4830518,-1.4071645,8.691884,3.9539046,13.221725,4.5409155,0.20695986,4.464771,2,2,0,1,2
194582,12325,Forward,22,Jeremy Doku,93,789,0.8,1.83,0.46,84.68,0.34220532319391633,54.55,27.27,0.08220532319391638,4.56,3.08,2.05,0.46,2.28,0.34,0.2,789,3,87.77000000000001,82.24441064638783,3.5299999999999994,1.2799999999999998,43.70610266159696,-1.5292891,6.279758,0.944851,1.7185102,-0.017860102,5.569469,4.9763656,3.6672168,-2.184928,7.2406573,1,2,1,2,2
672804,12325,Forward,20,Sávio,93,1084,1.25,2.41,0.42,86.05,0.08302583025830258,53.85,3.85,-0.11697416974169739,3.15,1.83,1.16,0.08,1.33,1.08,0.39,1084,3,90.13,57.66605166051661,2.4799999999999995,-0.22000000000000008,37.51401291512915,-1.3703145,5.9620442,2.0754588,6.0913143,3.631704,4.1148987,8.283955,1.1037893,-1.0802068,8.309923,1,0,0,1,2
3386,12325,Forward,24,Phil Foden,93,1294,1.87,2.69,0.14,88.65,0.4868624420401855,48.15,22.22,-0.1031375579598145,0.6,1.42,1.79,0.15,0.6,0.22,0.47,1294,2,93.35000000000001,70.75372488408037,0.9700000000000001,-0.24000000000000002,41.20843122102009,0.044071835,4.2484193,2.2447975,0.48787045,-0.83796036,2.5709898,10.627363,1.4206389,-0.5506378,8.395166,1,2,1,1,2
4506,12325,Forward,29,Jack Grealish,93,605,0.45,3.28,0.15,90.91,0.0,57.14,0.0,-0.29000000000000004,1.94,1.94,3.13,0.0,1.19,0.45,0.07,605,1,94.78999999999999,56.85,3.13,0.6699999999999999,38.85999999999999,0.27824032,5.017682,2.9946938,9.190169,-2.1705542,6.465148,3.0746164,2.5479202,-1.2017587,8.339793,1,1,1,2,2
3221,12325,Forward,38,Jamie Vardy,108,1726,0.05,0.71,0.16,71.49,0.3128621089223638,51.72,20.69,0.0328621089223638,0.38,0.38,0.49,0.87,0.38,0.87,0.3,1726,1,72.41,72.75572421784473,0.49,-1.66,35.99893105446119,2.658293,7.965153,1.2568947,2.686973,8.613066,4.262138,13.036135,3.8561313,2.0969226,5.172687,2,0,0,1,0
7255,12325,Forward,31,Bobby Reid,108,359,0.0,0.66,0.5,75.28,0.25069637883008355,50.0,25.0,0.17069637883008348,0.0,1.32,2.65,0.66,1.65,1.65,0.29,359,1,76.44,75.42139275766017,1.3299999999999998,-0.95,38.060348189415045,-1.0208036,7.074206,0.9485267,1.9443345,-2.6704686,5.120583,2.0519185,4.284918,0.95128554,5.873471,1,2,1,2,2
725833,12325,Forward,20,Issahaku Abdul Fatawu,108,575,0.78,0.78,0.31,66.67,0.0,45.45,0.0,-0.11000000000000004,4.23,1.72,3.13,0.31,3.29,1.72,0.82,575,3,68.54,45.34,5.640000000000001,0.44000000000000006,29.990000000000002,0.7569515,8.701926,3.5599573,9.50062,-2.095102,6.848009,3.9942403,4.143051,3.9322755,6.090538,1,1,1,2,0
9121,12325,Forward,26,Stephy Mavididi,108,1294,0.77,1.41,0.07,82.27,0.2109375,42.86,21.43,-0.05906250000000002,1.9,1.97,0.91,0.14,1.97,1.06,1.0,1294,2,84.52,64.441875,0.84,-0.22999999999999998,37.39296875,1.6086464,4.9555435,2.1955624,2.723491,4.72983,3.4934943,9.787892,1.9276792,0.30583626,8.08518,1,2,0,1,2
1523,12325,Forward,32,Heung-Min Son,92,1501,0.57,2.17,0.36,85.17,0.35976015989340443,67.74,19.35,-0.04023984010659554,1.34,1.4,1.08,0.64,0.7,0.19,0.53,1501,1,88.27,87.40952031978681,1.0200000000000002,-0.6600000000000001,44.009880079946704,-1.1927936,6.1738615,-0.08096697,2.7908707,4.412635,2.3958273,12.108235,2.5523908,-2.1986065,6.459155,1,0,0,1,2
4292,12325,Forward,27,Dominic Solanke,92,1601,0.06,0.67,0.17,72.63,0.3935040599625234,62.5,21.88,0.0035040599625234536,0.79,2.02,1.57,0.22,0.84,1.52,0.33,1601,2,73.53,84.77700811992504,0.3400000000000001,-1.23,39.35425202998127,2.6161244,7.896265,0.17564166,2.4413164,-0.27157313,2.1036162,12.255507,3.2876503,0.23837243,4.800487,2,0,1,1,2
589036,12325,Forward,23,Brennan Johnson,92,1494,0.24,0.84,0.12,76.38,0.42168674698795183,44.44,19.44,-0.028313253012048234,0.84,0.72,0.84,0.3,1.75,1.14,0.52,1494,3,77.58,64.27337349397591,0.96,-0.20999999999999996,35.65084337349398,2.4848766,7.1413794,2.457419,1.262626,6.0367994,0.7185639,11.882701,3.696417,1.6461804,6.814866,2,2,2,1,0
1283,12325,Forward,28,Timo Werner,92,500,0.54,1.8,0.54,73.6,0.0,37.5,0.0,-0.010000000000000009,1.8,1.08,0.9,0.9,1.26,0.54,0.53,500,2,76.47999999999999,37.49,1.62,-0.7100000000000001,28.720000000000002,-2.0316868,6.410142,3.6228943,10.203064,4.8277707,3.4277356,2.6195223,3.2495084,4.078735,6.5801873,1,1,0,2,0
160656,12325,Forward,24,Dejan Kulusevski,92,1861,0.56,2.84,0.19,80.03,0.2901665771090811,68.42,31.58,-0.06983342289091893,1.42,2.64,1.47,0.25,1.37,1.68,0.95,1861,2,83.62,100.22033315421815,0.24999999999999978,-1.5099999999999998,45.645083288554545,0.12660237,5.1723986,0.011494526,0.75959027,1.60308,3.0684533,13.176083,4.836525,-2.1330585,4.6372085,1,2,0,1,2
24367,12325,Forward,27,Richarlison,92,197,1.26,1.89,0.46,73.81,0.9137055837563451,66.67,33.33,0.3437055837563452,0.63,2.52,2.52,0.0,0.63,1.26,0.0,197,2,77.42,101.25741116751269,0.6299999999999999,-0.63,44.66935279187817,-1.7281151,5.7958403,0.7712599,-1.78892,-2.4946368,4.8585653,-0.83671856,6.2078576,-1.691948,4.462984,1,2,1,0,2
185099,12325,Forward,22,Georginio Rutter,209,1269,0.08,0.95,0.14,69.49,0.3053435114503817,38.1,19.05,-0.06465648854961836,1.03,1.82,2.54,0.48,1.9,1.98,0.86,1269,3,70.66,57.390687022900764,1.75,-1.42,32.0951717557252,3.057524,8.310538,2.4445765,2.542223,-2.0181487,5.0143194,9.655798,1.7718275,3.6897564,5.5452065,2,2,1,1,0
138561,12325,Forward,25,João Félix,152,363,0.0,1.49,0.25,85.64,0.24793388429752067,37.5,6.25,-0.23206611570247931,2.24,0.99,4.23,0.25,1.99,1.49,0.33,363,2,87.38,43.765867768595044,5.48,-0.08000000000000002,34.13646694214876,-0.15682714,6.4646473,2.8516438,4.849986,-2.40531,6.754618,2.1580725,4.238349,-1.4822446,8.138987,1,0,1,2,2
173891,12325,Forward,25,Evanilson,148,1383,0.0,0.98,0.0,69.54,0.32537960954446854,63.64,15.15,-0.10462039045553145,0.39,1.24,2.21,0.72,0.59,1.5,0.21,1383,2,70.52000000000001,79.01075921908894,1.3599999999999999,-1.8399999999999999,37.26268980477224,5.0875854,7.0656095,0.550083,3.7866726,-2.3724873,3.884795,11.300863,1.7982596,1.4633033,4.9340277,2,0,1,1,2
72423,12325,Forward,27,Chiedozie Ogbene,220,240,0.38,0.75,0.0,79.49,0.0,0.0,0.0,-0.06,0.38,0.75,2.64,0.38,2.64,0.75,0.4,240,2,80.61999999999999,-0.06,2.27,1.1100000000000003,20.984999999999996,5.0495777,4.824223,3.8161938,12.74985,-2.665596,5.165678,-0.0022528146,8.524886,7.6181836,5.209175,0,1,1,0,1
143231,12325,Forward,24,Jack Clarke,220,596,0.31,1.54,0.3,79.31,0.0,16.67,0.0,-0.050000000000000044,2.62,2.0,2.31,0.31,2.92,1.85,0.53,596,2,81.46000000000001,16.62,2.93,0.22999999999999976,25.310000000000006,-0.24541253,6.9988656,3.469458,11.422311,-0.55621946,5.383765,4.128817,4.167068,7.67666,5.1700654,1,1,1,2,1
9039,12325,Forward,27,David Brooks,148,501,1.29,1.93,0.0,75.56,0.35928143712574845,60.0,13.33,-0.3407185628742515,1.5,1.29,1.5,0.0,1.07,1.29,0.33,501,2,78.78,73.3485628742515,1.71,-0.55,38.32214071856287,1.4584478,4.123091,0.93460405,4.353926,1.6323138,3.2615356,2.6830509,3.091975,-0.4783207,6.9162264,1,0,0,2,2
43283,12325,Forward,28,Ross Stewart,146,130,0.0,0.0,0.0,77.78,0.0,0.0,0.0,-0.08,0.69,2.77,3.46,0.69,0.0,2.08,0.5,130,2,77.78,-0.08,1.38,-3.27,18.9525,6.266694,5.274334,3.6657393,12.719382,-2.5910556,6.1778197,-2.7333915,6.651403,7.818069,5.367986,0,1,1,0,1
3250,12325,Forward,28,Maxwel Cornet,146,72,0.0,0.0,0.0,89.47,0.0,0.0,0.0,-0.04,0.0,0.0,1.25,1.25,6.25,0.0,2.5,72,2,89.47,-0.04,1.25,2.5,23.294999999999998,6.507082,4.242865,4.1024666,12.749575,3.4836483,-0.25611314,0.107202254,9.538112,7.669472,5.4003735,0,1,2,0,1
7615,12325,Forward,25,George Hirst,220,208,0.0,1.37,0.43,58.7,0.4326923076923077,66.67,33.33,0.11269230769230765,0.0,1.83,0.91,0.0,0.46,2.28,0.2,208,2,60.5,100.54538461538462,-0.92,-2.02,39.526346153846156,0.67983866,8.896257,0.47744367,-0.383585,9.3430395,2.8880484,-0.9004206,6.174166,0.31091708,3.7879555,1,2,0,0,2
7082,12325,Forward,27,Enes Ünal,148,332,0.0,1.08,0.27,67.39,0.5421686746987953,43.75,12.5,-0.10783132530120465,0.27,3.8,2.44,0.54,0.27,1.63,0.18,332,2,68.74,56.68433734939759,-1.0899999999999999,-2.08,30.563584337349393,0.6418011,8.752158,2.8908904,0.91170114,-2.5759568,4.4462337,-0.72028077,5.1615725,3.4047594,4.882989,1,2,1,0,0
86708,12325,Forward,24,Jadon Sancho,152,1064,0.0,1.91,0.34,86.03,0.16917293233082706,57.14,28.57,-0.010827067669172963,3.09,1.09,0.64,0.18,0.45,0.27,0.31,1064,2,88.28,85.86834586466165,2.6399999999999997,-0.31,44.11958646616541,-0.7333693,6.521046,0.15366778,1.3186855,4.7278748,4.33678,7.5507874,0.032304335,-2.3082926,7.0800304,1,2,0,1,2
465666,12325,Forward,30,Raheem Sterling,59,215,0.0,1.26,0.42,83.53,0.0,0.0,0.0,0.010000000000000009,2.51,3.77,1.26,0.42,2.51,2.09,0.25,215,1,85.21000000000001,0.010000000000000009,-2.220446049250313e-16,-0.25,21.242500000000003,-0.78445655,6.9840794,13.727446,8.854165,3.147742,3.8011599,0.09330363,8.434671,7.3886867,5.678909,1,1,0,0,1
680420,12325,Forward,20,Carlos Borges,223,231,0.48,0.48,0.0,70.13,0.0,0.0,0.0,-0.36,3.37,1.44,0.48,0.0,3.37,0.96,0.11,231,3,71.08999999999999,-0.36,2.41,2.3000000000000003,18.859999999999996,5.595323,6.8585844,2.2803566,11.509117,4.7902045,4.3947887,0.1619688,8.823723,7.3402085,4.822608,2,1,0,0,1
18035,12325,Forward,27,Federico Chiesa,151,25,0.0,0.0,0.0,86.67,0.0,50.0,0.0,-0.99,0.0,12.86,4.29,0.0,0.0,4.29,0.0,25,2,86.67,49.01,-8.57,-4.29,30.705000000000002,6.4113846,4.429957,2.6574533,9.547519,-2.6754816,6.0367923,-3.1735134,6.927861,6.748001,6.063276,0,1,1,0,1
691602,12325,Forward,21,Rasmus Højlund,149,1095,0.09,0.95,0.0,79.19,0.1643835616438356,60.0,20.0,-0.08561643835616439,0.52,1.3,1.48,0.61,0.17,0.78,0.18,1095,3,80.23,80.07876712328766,0.7,-1.4,39.902191780821916,5.075413,4.5115714,0.53754383,3.4367454,-0.117522545,1.5100125,7.8388767,-0.22001553,-0.37385798,6.129086,0,0,1,1,2
38009,12325,Forward,30,Paul Onuachu,146,449,0.0,0.75,0.0,60.44,0.20044543429844097,50.0,8.33,-0.24955456570155904,1.5,3.01,1.75,0.25,0.75,3.01,0.08,449,1,61.19,58.280890868596885,0.2400000000000002,-2.59,29.28022271714922,5.619699,8.647619,1.5364616,4.6611238,0.5979143,3.7248738,-0.041981027,4.6214595,4.0324473,4.712418,2,0,1,0,0
139853,12325,Forward,26,Nathan Broadhead,220,315,0.0,1.18,0.0,84.62,0.0,100.0,0.0,-0.22999999999999998,2.66,1.48,2.07,0.3,1.18,0.59,0.57,315,2,85.80000000000001,99.77,3.25,-0.28,47.135,4.7624173,3.9621277,-1.0885993,8.77912,-0.38687283,5.39126,0.52374315,5.5099154,-2.5844228,6.730995,0,1,1,0,2
23617,12325,Forward,26,Patson Daka,108,266,0.0,0.0,0.0,76.09,0.3383458646616541,33.33,33.33,0.028345864661654063,0.36,2.49,2.85,0.36,2.85,0.71,0.4,266,2,76.09,67.0266917293233,0.7199999999999998,1.3800000000000003,36.30417293233082,6.3082542,5.3888397,1.6774358,1.9035497,-2.644872,5.264366,0.15280168,8.717403,1.630146,6.8138375,0,2,1,0,0
672551,12325,Forward,23,Igor Thiago,218,130,0.0,1.38,0.0,74.36,0.0,0.0,0.0,-0.14,1.38,0.69,2.08,0.69,1.38,2.08,0.25,130,3,75.74,-0.14,2.77,-1.6400000000000001,19.182499999999997,4.7814155,6.4847827,2.8052657,12.75458,-0.55173934,4.3739758,0.10295513,6.9003663,7.6498322,5.127897,2,1,1,0,1
4116,12325,Forward,32,Callum Wilson,157,57,0.0,0.0,0.0,85.71,0.0,0.0,0.0,-0.02,0.0,4.74,1.58,0.0,1.58,0.0,0.0,57,1,85.71,-0.02,-3.16,1.58,21.0275,6.366203,4.442726,4.30107,12.689377,-0.5286491,1.4648035,0.090600744,6.962789,7.049361,5.6822815,0,1,1,0,1
148721,12325,Forward,23,Armando Broja,144,158,0.0,1.14,0.0,81.82,0.0,0.0,0.0,-0.21,2.85,3.99,1.71,1.14,1.14,2.28,0.0,158,3,82.96,-0.21,0.5699999999999998,-2.28,20.259999999999998,4.8402486,4.1018705,2.34247,11.486113,0.12477737,5.3646193,0.11316468,6.660433,7.682914,5.484247,0,1,1,0,1
39941,12325,Forward,29,Carlos Vinícius,162,3,0.0,0.0,0.0,0.0,0.0,100.0,0.0,-3.3,30.0,0.0,0.0,0.0,0.0,0.0,0.0,3,1,0.0,96.7,30.0,0.0,31.675,6.3625803,9.483276,2.4960113,9.412218,0.30044115,5.8116193,-3.7154393,7.1656036,3.7526908,5.3818927,2,1,1,0,0
680344,12325,Forward,20,Divin Mubama,93,27,0.0,0.0,0.0,66.67,0.0,0.0,0.0,0.0,0.0,3.33,0.0,0.0,0.0,0.0,0.0,27,3,66.67,0.0,-3.33,0.0,15.835,5.970622,8.078268,13.735294,8.862717,13.6567955,6.63842,-3.6082106,7.0759597,6.817435,5.121884,2,1,0,0,1
17717,12529,Forward,28,Franck Honorat,39,995,2.26,2.62,0.36,76.95,0.18090452261306533,38.46,15.38,-0.009095477386934725,0.63,0.63,0.18,0.27,0.9,0.45,0.25,995,2,82.19,54.01180904522613,0.18,-0.07,34.077952261306535,-1.06478,4.748538,2.443746,4.8375287,8.009241,4.8538284,7.279809,0.5044802,2.2667227,7.427613,1,0,0,1,0
17372,12529,Forward,31,Alassane Pléa,39,1209,0.45,1.12,0.15,75.94,0.4466501240694789,61.54,46.15,-0.0033498759305210513,1.12,0.97,1.64,0.45,0.45,0.89,0.17,1209,1,77.66,108.13330024813895,1.79,-1.06,46.63082506203474,2.3953068,6.680527,-0.029819824,-0.59748715,0.5895739,2.9325619,8.3405485,0.10689366,-2.0607276,5.093064,2,2,1,1,2
21761,12529,Forward,29,Tim Kleindienst,39,1682,0.06,0.9,0.27,63.13,0.5885850178359097,66.67,27.78,0.1285850178359097,0.42,1.68,0.96,0.96,0.84,2.7,0.94,1682,1,64.36,95.16717003567182,-0.30000000000000004,-3.7600000000000002,38.86679250891795,0.87243044,8.899293,0.8461673,-0.802594,4.5364213,0.1828743,12.771086,3.7532163,0.32768965,3.8448398,1,2,2,1,2
149881,12529,Forward,24,Tomáš Čvančara,39,437,0.24,0.72,0.0,77.67,0.20594965675057209,55.56,11.11,-0.18405034324942793,0.96,0.72,0.24,0.0,0.24,1.68,0.13,437,2,78.63,66.69189931350115,0.48,-1.5699999999999998,36.057974828375286,5.175608,5.041692,1.279695,4.6782327,7.6961946,4.7750573,-0.38887277,4.700573,0.92460275,6.9120536,0,0,0,0,2
57608,12529,Forward,26,Robin Hack,39,1135,0.56,0.84,0.24,79.66,0.15859030837004406,64.71,5.88,-0.07140969162995592,1.12,1.68,1.21,0.37,1.02,1.3,0.53,1135,2,81.3,70.67718061674007,0.6500000000000001,-1.1800000000000002,37.86179515418502,0.35543892,6.7148113,1.4115143,5.487785,2.8289206,1.2638489,8.567868,0.69060314,0.58433855,6.931108,1,0,2,1,2
602123,12529,Forward,24,Victor Boniface,40,663,0.14,1.08,0.14,73.17,0.8144796380090499,46.88,18.75,0.04447963800904986,1.22,2.58,0.95,0.54,0.54,0.68,0.0,663,2,74.53,66.48895927601811,-0.41000000000000014,-0.68,34.982239819004526,2.8175337,7.3944902,1.5900222,-1.3610643,5.0242615,1.5884796,2.7893105,1.51591,2.4137557,6.219431,2,2,2,2,0
17513,12529,Forward,27,Martin Terrier,40,583,0.46,1.39,0.15,83.77,0.30874785591766724,50.0,16.67,-0.09125214408233284,0.31,0.92,1.39,0.31,0.62,0.31,0.2,583,2,85.77,66.88749571183534,0.7799999999999998,-0.2,38.30937392795884,0.7766107,5.6481395,1.7616737,3.5873168,0.23827541,1.0714998,2.4222329,1.8531114,0.15790068,8.206172,1,0,0,2,2
626869,12529,Forward,24,Amine Adli,40,202,0.89,0.89,0.0,83.65,0.0,0.0,0.0,-0.17,3.12,0.89,3.12,0.0,3.12,0.89,0.29,202,2,85.43,-0.17,5.35,1.94,23.1375,4.523843,4.7778277,2.3056355,11.866271,-2.1369045,6.750612,0.06620223,8.64461,7.8184853,5.0232024,0,1,1,0,1
18221,12529,Forward,29,Patrik Schick,40,780,0.0,0.69,0.0,75.0,1.5,63.64,39.39,0.21999999999999997,0.69,2.08,0.81,0.35,0.46,1.04,0.12,780,1,75.69,104.75,-0.5800000000000001,-1.0499999999999998,44.70249999999999,5.358033,5.6719575,1.1407856,-1.8652202,6.2826962,0.55671036,3.624128,1.2176465,-1.4233502,4.323807,0,2,2,2,2
123515,12529,Forward,25,Nathan Tella,40,611,0.0,1.03,0.29,80.0,0.14729950900163666,55.56,11.11,-0.022700490998363354,1.03,1.33,3.4,0.74,0.89,1.63,0.27,611,2,81.32,66.79459901800327,3.0999999999999996,-1.75,37.36614975450082,0.028211627,7.269137,1.8100497,5.3175597,-2.5376694,6.2416673,2.905108,2.1035104,-1.3324032,7.724119,1,0,1,2,2
112329,12529,Forward,27,Samuel Essende,50,1059,0.09,0.63,0.17,66.1,0.42492917847025496,47.62,23.81,-0.045070821529745064,0.9,2.52,1.98,0.9,0.27,2.7,0.06,1059,2,66.99,71.80985835694051,0.3599999999999999,-3.39,33.94246458923513,2.4621537,8.797192,1.9348167,1.1418921,-1.0397743,3.421267,7.6067915,-0.109477066,2.7252593,4.8902907,2,2,1,1,0
21744,12529,Forward,27,Phillip Tietz,50,1107,0.08,1.25,0.08,62.8,0.3252032520325203,39.13,21.74,-0.0647967479674797,0.83,0.92,0.67,1.0,0.83,1.84,0.11,1107,2,64.21,61.13040650406505,0.58,-2.12,30.95010162601626,3.8393435,8.774711,2.3783696,2.2343404,6.670496,0.9026333,8.107501,0.48133168,3.8470993,4.795409,2,2,2,1,0
17229,12529,Forward,30,Steve Mounié,50,236,0.0,0.0,0.0,64.18,0.0,55.56,0.0,-0.39,0.4,1.2,1.6,0.4,1.2,3.2,0.1,236,1,64.18,55.17,0.8000000000000002,-2.5000000000000004,29.4125,5.968058,8.236853,2.8518956,9.334641,-0.38290122,1.6800076,0.47405854,6.0933743,4.0981345,4.927454,2,1,1,0,0
40475,12529,Forward,26,Ruben Vargas,50,304,2.38,1.78,0.0,87.39,0.0,12.5,0.0,-0.27,1.78,1.78,0.89,0.0,0.59,1.49,0.38,304,2,91.55,12.23,0.89,-1.28,25.8475,0.17556892,3.9186356,2.6598442,11.296395,4.7635527,3.3843155,-0.5201074,5.272022,7.6619062,5.765134,1,1,0,0,1
1780,12529,Forward,30,Marvin Ducksch,37,1640,1.55,2.18,0.38,73.14,0.27439024390243905,54.29,17.14,-0.045609756097560905,0.23,0.52,0.8,0.52,0.34,0.17,0.47,1640,1,77.25,71.65878048780488,0.51,-0.82,37.14969512195122,-1.3416034,5.3826647,1.4690028,3.3869514,9.240463,3.165074,12.741325,2.7903185,1.1157397,6.5236034,1,0,0,1,2
750109,12529,Forward,20,Keke Topp,37,185,0.97,3.41,0.49,53.19,0.4864864864864865,100.0,33.33,0.056486486486486576,0.0,3.89,2.43,0.97,0.97,2.43,0.09,185,3,58.059999999999995,133.87297297297297,-1.46,-2.52,46.98824324324324,-1.5909848,6.768049,0.056249563,-0.12003219,-2.57599,4.328918,-0.018083774,6.5475426,0.1825741,3.7888443,1,2,1,0,2
604250,12529,Forward,24,Justin Njinmah,37,610,0.35,0.69,0.15,67.72,0.29508196721311475,22.22,22.22,-0.024918032786885203,0.87,0.87,1.9,1.21,0.17,1.04,0.08,610,2,68.91,44.71016393442623,1.9,-2.16,28.340040983606556,2.7243068,8.550191,2.5876245,2.541463,-0.9537257,3.23888,2.184684,1.6463406,4.312662,5.860747,2,2,1,2,0
1029,12529,Forward,32,Karim Onisiwo,34,106,0.85,0.85,0.0,63.64,0.0,0.0,0.0,-0.2,0.85,2.55,1.7,0.85,0.0,2.55,0.0,106,1,65.34,-0.2,2.220446049250313e-16,-3.4,15.435,5.1699123,8.161751,2.135978,11.700899,-0.3948397,2.3829434,-2.7491229,6.7016897,6.9363055,5.059504,2,1,1,0,1
57257,12529,Forward,24,Jonathan Burkardt,34,1133,0.24,0.79,0.08,74.61,0.8737864077669902,57.14,42.86,0.15378640776699026,0.48,1.51,1.19,0.56,0.4,1.03,0.19,1133,2,75.72,101.02757281553399,0.15999999999999992,-1.38,43.8818932038835,3.1333196,6.9149375,0.5291278,-1.714195,3.5545423,-0.0043488615,8.08641,-0.0642778,-1.483547,4.3234715,2,2,2,1,2
683483,12529,Forward,21,Armindo Sieb,34,669,0.27,0.96,0.27,73.91,0.26905829596412556,38.89,11.11,-0.11094170403587433,1.5,2.19,1.23,1.23,0.96,1.5,0.28,669,3,75.41,50.158116591928255,0.54,-2.05,31.014529147982067,0.30520916,8.077119,2.8092089,4.2557273,3.587744,2.823617,3.143067,2.0428479,3.1143677,6.2603707,1,0,0,2,0
687678,12529,Forward,22,Nikolas Veratschnig,34,36,0.0,2.5,0.0,76.92,0.0,0.0,0.0,-0.12,0.0,0.0,0.0,0.0,2.5,2.5,0.0,36,3,79.42,-0.12,0.0,0.0,19.825,4.1089654,4.1171823,2.8692126,12.770577,14.136849,7.441617,0.08946077,7.948822,7.2537527,5.4037642,0,1,0,0,1
17826,12529,Forward,28,Theoson Siebatcheu,541,908,0.0,1.52,0.1,72.25,0.0,36.84,0.0,-0.22,0.65,1.85,1.63,0.76,1.3,2.39,0.19,908,2,73.87,36.620000000000005,0.4299999999999997,-2.04,27.220000000000002,3.8975265,7.1723194,3.4222279,9.970692,-0.38315478,2.0992353,6.4020333,1.5930756,4.865169,5.6563206,2,1,1,2,0
185165,12529,Forward,23,Benedict Hollerbach,541,1535,0.4,1.06,0.06,72.57,0.23452768729641696,39.13,17.39,-0.10547231270358304,1.53,3.92,2.06,0.6,1.46,1.26,0.61,1535,3,74.08999999999999,56.649055374592834,-0.3299999999999996,-1.01,32.349763843648205,3.3357193,6.5718446,2.459611,3.3259516,-0.52510047,4.462375,11.972623,3.64587,2.7494311,6.176136,2,2,1,1,0
602182,12529,Forward,24,Yorbe Vertessen,541,716,1.05,1.84,0.0,69.64,0.12569832402234637,27.78,5.56,-0.25430167597765363,2.23,2.23,2.1,0.26,0.92,1.57,0.31,716,2,72.53,33.2113966480447,2.1,-1.22,26.655349162011174,1.6572523,4.2524996,3.2599504,6.1483884,-0.43691418,5.161549,3.3496687,1.8155738,4.386217,6.1992598,1,0,1,2,0
21759,12529,Forward,28,Tim Skarke,541,682,0.61,1.21,0.13,74.38,0.0,45.45,0.0,-0.18000000000000005,0.76,1.97,1.66,1.06,1.06,1.06,0.24,682,2,76.33,45.27,0.44999999999999996,-1.3,30.1875,2.458421,6.0328155,3.5433323,9.482508,-0.36596337,2.2281632,3.3028424,2.095886,3.346781,6.509577,1,1,1,2,0
181199,12529,Forward,24,Lois Openda,46,1559,0.18,1.07,0.29,65.02,0.3463758819756254,64.1,15.38,-0.033624118024374705,0.65,1.01,2.86,1.07,0.3,1.19,0.22,1559,2,66.56,79.79275176395124,2.5,-2.18,36.668187940987806,0.60722506,8.818573,0.18996191,3.083399,-2.551537,5.4193597,12.508643,2.466574,1.7373614,4.819803,1,0,1,1,0
637892,12529,Forward,21,Benjamin Šeško,46,1382,0.0,0.49,0.13,70.43,0.5209840810419681,66.67,29.63,0.01098408104196813,1.32,2.09,0.49,0.49,0.35,0.91,0.28,1382,3,71.05000000000001,96.83196816208394,-0.2799999999999998,-1.33,41.567992040520984,2.7447739,8.242446,0.75923663,-0.41232452,6.6043015,4.078447,11.413959,1.8116935,-0.24947505,4.3617997,2,2,0,1,2
465406,12529,Forward,30,Yussuf Poulsen,46,238,0.0,0.8,0.0,60.76,0.0,0.0,0.0,-0.13,0.4,2.79,3.98,0.0,2.79,0.8,0.27,238,1,61.559999999999995,-0.13,1.5899999999999999,1.72,16.185,5.7087655,8.566859,2.902984,12.831508,-2.7237327,6.1835012,0.10657123,8.625066,6.9377513,4.737924,2,1,1,0,1
467111,12529,Forward,29,André Silva,46,124,0.0,2.18,1.45,72.5,0.0,50.0,16.67,0.22999999999999998,0.0,0.73,1.45,0.0,0.73,0.0,0.12,124,1,76.13,66.9,0.72,0.61,36.09,-2.2157257,6.1240926,2.2431884,4.850127,0.2704973,1.0214784,-0.33414412,6.642084,1.5466185,6.7623067,1,0,0,0,0
7312,12529,Forward,31,Philipp Hofmann,540,1396,0.07,1.26,0.13,61.96,0.12893982808022922,46.15,15.38,-0.08106017191977083,0.52,1.04,1.26,0.15,0.67,1.33,0.17,1396,1,63.42,61.577879656160455,0.74,-0.9800000000000001,31.18946991404011,3.555042,8.901826,2.366401,5.1299233,3.1752443,0.022960018,11.259148,1.8726416,3.702005,4.637032,2,0,2,1,0
154630,12529,Forward,24,Moritz Broschinski,540,1154,0.25,0.42,0.23,66.49,0.0779896013864818,55.0,5.0,-0.08201039861351822,0.51,2.2,1.1,0.34,1.35,1.44,0.56,1154,2,67.39,59.995979202772965,-0.5900000000000001,-0.99,31.451494800693244,1.3269649,8.82747,1.9329923,5.9116526,3.9750266,0.055222835,9.087284,1.1128086,3.3591692,4.752936,1,0,2,1,0
167383,12529,Forward,24,Myron Boadu,540,546,0.0,0.79,0.16,73.91,0.6593406593406593,66.67,41.67,-0.0006593406593407014,0.0,0.59,0.79,1.18,0.2,0.59,0.12,546,2,74.86,108.99868131868132,0.20000000000000007,-1.69,45.592170329670324,2.6392312,7.6972747,0.2789685,-1.1635838,9.285535,3.308565,2.0653205,1.780789,-1.59151,4.122974,2,2,0,2,2
711835,12529,Forward,22,Aliou Badara Balde,540,87,1.05,2.09,0.0,71.43,0.0,50.0,0.0,-0.26,2.09,3.14,0.0,2.09,1.05,1.05,0.0,87,3,74.57000000000001,49.74,-1.0500000000000003,-2.09,30.2925,1.5678284,4.233423,3.2054002,9.2551155,6.6591277,4.7698283,-0.054361038,6.9022045,3.1587584,5.891864,1,1,0,0,0
683409,12529,Forward,20,Samuel Bamba,540,7,0.0,12.86,0.0,100.0,0.0,100.0,0.0,-2.5700000000000003,12.86,0.0,0.0,12.86,0.0,0.0,0.0,7,3,112.86,97.43,12.86,-12.86,52.572500000000005,-0.19541508,4.505404,2.5437922,9.397303,0.25061852,5.7392406,-2.2709699,6.723069,-2.4845557,6.939947,1,1,1,0,2
1245,12529,Forward,31,Vincenzo Grifo,42,1402,1.61,2.41,0.45,82.78,0.3209700427960057,61.54,19.23,-0.009029957203994243,0.94,0.6,0.67,0.07,0.67,0.4,0.79,1402,1,87.25,81.08194008559201,1.01,-0.59,42.187985021398,-1.6477739,5.7191076,0.22952892,2.8402152,6.6835675,0.949932,11.329779,1.9230014,-2.009828,6.5427384,1,0,2,1,2
38931,12529,Forward,26,Ritsu Doan,42,1637,0.5,0.73,0.16,74.15,0.3298717165546732,65.22,26.09,-0.05012828344532683,1.68,1.79,1.51,0.28,2.13,0.79,0.53,1637,2,75.54,91.58974343310935,1.4,0.5299999999999998,42.26493585827734,2.5467727,7.1006866,0.09119491,1.8038869,1.7553638,3.4068122,12.24474,4.0950065,-0.8123084,5.10881,2,0,0,1,2
566703,12529,Forward,23,Junior Adamu,42,931,0.0,1.26,0.1,65.03,0.19334049409237378,40.0,10.0,-0.16665950590762624,0.68,0.87,1.55,0.77,0.29,2.13,0.33,931,3,66.39,50.02668098818475,1.36,-2.94,28.70917024704619,3.6852252,8.707466,2.9081714,4.8510914,-0.10628343,1.9556432,6.329596,0.55524,4.209696,5.207102,2,0,1,2,0
21673,12529,Forward,30,Lucas Höler,42,886,0.23,1.58,0.3,67.35,0.20316027088036115,50.0,12.5,-0.016839729119638935,0.9,0.68,1.81,0.23,2.15,1.47,0.59,886,1,69.46,62.68632054176072,2.0300000000000002,-0.14,33.50908013544018,0.36251014,8.83161,1.9894067,5.11447,-0.8800593,3.0835025,4.898692,3.8769825,2.8740027,5.183731,1,0,1,2,0
18285,12529,Forward,27,Roland Sallai,42,44,2.05,2.05,0.0,76.92,0.0,50.0,0.0,-0.51,0.0,2.05,2.05,0.0,4.09,0.0,0.0,44,2,81.02,49.49,0.0,4.09,33.65,0.5597693,3.9797432,2.8332698,9.39169,-2.1469321,3.491495,0.16543183,9.254221,2.0677917,7.1552567,1,1,1,0,0
21967,12529,Forward,26,Florent Muslija,42,159,0.56,1.69,0.0,82.93,0.0,66.67,0.0,-0.33999999999999997,2.25,0.56,1.12,0.0,2.81,0.0,0.0,159,2,85.18,66.33,2.81,2.81,39.2825,4.1829624,4.147698,2.8795164,9.079574,3.5688763,3.6424243,0.023488892,8.478154,-1.2535868,7.9568458,0,1,0,0,2
166947,12529,Forward,23,Noah Weißhaupt,42,364,3.18,2.27,0.0,80.95,0.0,0.0,0.0,-0.19,1.36,0.91,3.18,0.0,0.45,0.91,0.17,364,3,86.4,-0.19,3.6300000000000003,-0.63,22.302500000000002,0.0066264346,3.8765938,2.0902753,11.704691,-2.3518856,6.339366,-0.61183614,4.9335947,7.8285785,5.234372,1,1,1,0,1
57942,12529,Forward,27,Chris Führich,51,1046,0.71,1.51,0.17,84.76,0.08604206500956023,41.67,8.33,-0.16395793499043976,1.77,1.51,0.09,0.09,0.8,0.35,0.44,1046,2,87.15,49.922084130019115,0.35,-0.0799999999999999,34.33552103250477,0.60571843,5.6920757,2.9507165,5.9499016,7.0261755,4.7704144,7.449439,0.47443974,2.091693,7.5693235,1,0,0,1,0
57618,12529,Forward,26,Ermedin Demirović,51,1204,0.0,1.03,0.0,68.0,0.5980066445182725,55.17,27.59,0.018006644518272497,0.16,1.51,1.74,0.95,0.56,0.95,0.26,1204,2,69.03,83.37601328903654,0.3899999999999999,-1.5999999999999999,37.79900332225913,5.165408,7.164663,1.3072131,-0.7688619,-0.7973124,1.8093644,8.435082,0.198814,0.6166392,4.5223827,2,2,1,1,2
154298,12529,Forward,28,Deniz Undav,51,882,0.1,0.94,0.1,71.48,0.7142857142857142,61.76,20.59,-0.09571428571428586,0.52,1.77,0.94,0.63,0.52,1.25,0.62,882,2,72.62,82.96857142857144,-0.31000000000000005,-1.98,38.32464285714286,3.2994912,7.4694495,1.6509914,-1.2196028,4.6195784,0.17155099,5.7818055,0.90054154,0.2721154,4.5842586,2,2,2,2,2
147971,12529,Forward,23,Jamie Leweling,51,854,0.79,1.36,0.0,77.61,0.1053864168618267,76.92,7.69,-0.2946135831381733,3.17,2.15,1.7,0.11,0.57,1.25,0.62,854,3,79.76,84.42077283372366,2.7199999999999998,-1.4100000000000001,41.37269320843092,3.803377,4.775021,0.6534893,4.978771,0.07954431,5.4010587,5.5156336,1.1781316,-1.4534044,6.8680577,0,0,1,2,2
691380,12529,Forward,20,Justin Diehl,51,78,0.0,1.15,0.0,87.8,1.1538461538461537,33.33,33.33,0.1038461538461537,2.31,2.31,0.0,0.0,0.0,2.31,0.0,78,3,88.95,67.9176923076923,0.0,-2.31,38.63942307692308,4.740672,3.8688564,1.2383717,-1.8029233,6.554817,4.725594,-2.9153185,6.835641,0.12400929,8.281276,0,2,0,0,2
201673,12529,Forward,22,Nick Woltemade,51,777,0.13,1.58,0.12,75.8,0.4633204633204633,86.67,40.0,-0.11667953667953668,2.23,3.42,1.45,0.39,0.39,1.31,0.07,777,3,77.63,127.01664092664092,0.26,-1.3800000000000001,50.88166023166023,3.5079672,7.0814977,-0.07326195,0.026714314,2.8535824,3.776361,3.6614444,1.1768253,-2.5161145,4.538333,2,2,0,2,2
1271,12529,Forward,33,Andrej Kramarić,49,1540,1.12,1.43,0.12,84.04,0.29220779220779225,41.67,29.17,-0.047792207792207775,0.68,1.37,1.18,0.19,0.5,0.43,0.29,1540,1,86.71000000000001,71.08441558441558,0.4899999999999999,-0.41,39.4686038961039,1.0537071,4.938501,1.7587678,2.052893,3.445708,0.24253069,12.445264,2.4772522,0.042659592,8.230378,1,2,2,1,2
153816,12529,Forward,31,Marius Bülter,49,820,1.0,1.12,0.11,74.1,0.43902439024390244,58.33,33.33,0.019024390243902456,1.0,1.56,1.45,0.56,0.67,0.67,0.18,820,1,76.33,92.1180487804878,0.8899999999999999,-0.74,42.14951219512194,2.1568453,5.552474,0.512475,-0.2587384,2.1557274,1.5279207,5.4896374,1.211497,-0.66320926,4.987872,1,2,0,2,2
193865,12529,Forward,22,Adam Hložek,49,1313,0.07,0.74,0.14,69.13,0.4112718964204113,53.12,15.62,0.011271896420411265,1.25,1.84,1.47,0.22,1.1,1.1,0.65,1313,3,70.08,69.16254379284082,0.8799999999999999,-0.87,34.8131359482102,2.89118,8.375569,2.5202448,1.5615458,1.4809868,2.8320646,10.38686,1.7791823,2.296521,5.031939,2,2,0,1,0
23177,12529,Forward,26,Mërgim Berisha,49,329,0.0,0.82,0.27,73.58,0.2735562310030395,50.0,16.67,0.023556231003039496,1.09,0.82,1.37,0.82,0.55,1.37,0.18,329,2,74.67,66.96711246200609,1.6400000000000001,-1.82,35.36427811550152,0.35301828,8.144368,1.4874846,3.205319,2.2793803,1.5320736,-0.44571406,5.202751,1.9193201,5.4035378,1,0,0,0,0
1408,12529,Forward,26,Jacob Bruun Larsen,49,666,0.46,1.85,0.27,80.9,0.40540540540540543,64.29,21.43,-0.11459459459459453,1.69,1.08,0.62,1.23,0.46,0.62,0.44,666,2,83.48,86.01081081081082,1.23,-1.83,42.222702702702705,-0.22407843,6.1762977,0.028641248,2.452727,5.766313,3.8968062,2.9289503,1.4277431,-1.5197825,6.124451,1,0,0,2,2
160654,12529,Forward,25,Shuto Machino,566,986,0.37,1.0,0.09,71.64,0.5476673427991886,63.16,36.84,-0.022332657200811346,0.27,1.19,0.64,0.46,0.64,0.73,0.17,986,2,73.1,100.52533468559838,-0.2799999999999999,-0.7200000000000001,43.156333671399594,3.202875,6.792544,0.3019168,-0.7451753,8.877905,3.6586874,6.96296,0.34704298,-0.90514076,4.3865004,2,2,0,1,2
57274,12529,Forward,25,Jann-Fiete Arp,566,441,0.85,1.49,0.0,63.75,0.20408163265306123,70.0,20.0,-0.04591836734693877,1.07,2.35,1.92,0.43,1.49,2.35,0.36,441,2,66.09,90.15816326530611,0.6399999999999999,-1.65,38.809540816326525,5.0882235,8.18598,-0.11097136,3.333022,-0.86149204,3.4624245,2.3580012,3.8825371,0.6187904,4.167707,2,0,1,2,2
48019,12529,Forward,26,Donyell Malen,33,611,0.3,0.15,0.0,74.42,0.44189852700491,50.0,25.0,-0.02810147299508997,1.62,1.48,1.03,0.59,0.0,0.3,0.14,611,2,74.87,75.41379705400982,1.1700000000000002,-1.0299999999999998,37.60594926350245,6.216142,5.535827,1.9675331,1.0869652,4.4639773,3.0307174,2.1079793,1.6896801,1.2546768,5.6202908,0,2,0,2,2
165990,12529,Forward,23,Karim Adeyemi,33,538,0.18,1.99,0.5,78.29,0.33457249070631967,70.0,20.0,0.024572490706319616,3.98,1.63,0.72,0.18,1.45,1.27,0.3,538,3,80.96000000000001,90.35914498141264,3.0700000000000003,-0.3,43.52228624535316,-1.8122104,6.552146,-0.2576854,2.9506598,4.529575,4.397434,2.8741486,3.2189357,-1.8635154,6.8296156,1,0,0,2,2
601669,12529,Forward,20,Jamie Bynoe-Gittens,33,1371,0.42,1.05,0.2,83.28,0.4595185995623633,66.67,29.17,-0.00048140043763666984,3.93,1.54,1.82,0.21,1.54,1.47,0.21,1371,3,84.95,96.29903719912473,4.21,-0.34999999999999987,46.277259299781186,0.65322083,6.332889,0.6710486,-0.14712743,-0.0072898893,5.5301785,10.4104,2.278965,-2.570962,6.814981,1,2,1,1,2
199650,12529,Forward,22,Maximilian Beier,33,977,0.29,1.24,0.18,72.73,0.368474923234391,35.71,21.43,0.038474923234391056,1.05,1.81,0.76,0.38,1.62,1.05,0.94,977,3,74.44,57.54694984646878,0.0,-0.7499999999999998,32.809237461617194,2.586666,7.0499926,2.583351,2.0829597,6.273256,1.030276,7.5509233,1.2838632,2.6292114,6.2304645,2,2,2,2,0
762006,12529,Forward,22,Fares Chaïbi,44,641,1.48,2.07,0.0,74.24,0.14040561622464898,37.5,12.5,-0.16959438377535102,0.59,0.44,0.3,0.15,1.77,0.3,0.47,641,3,77.78999999999999,49.9708112324493,0.44999999999999996,0.8500000000000001,32.26520280811232,1.4157697,4.1787024,2.9641926,5.011813,8.196306,4.686866,3.8170846,2.9608872,2.5047793,7.099354,1,0,0,2,0
42454,12529,Forward,25,Omar Marmoush,44,1454,1.42,2.1,0.56,79.94,0.8046767537826685,55.38,23.08,0.1146767537826685,2.72,2.41,3.4,0.43,0.87,0.56,0.41,1454,2,84.02,79.37935350756534,3.71,-0.53,41.644838376891336,-1.9759682,6.019244,1.3846238,-1.4015677,-2.1515753,6.723847,11.667942,2.5764096,-1.8540953,7.293901,1,2,1,1,2
597458,12529,Forward,22,Hugo Ekitike,44,1339,0.5,1.72,0.2,78.21,0.6721433905899925,54.29,25.71,0.0421433905899925,2.22,1.15,0.43,0.79,0.72,1.15,0.12,1339,3,80.63,80.71428678118,1.5000000000000002,-1.3399999999999999,40.376071695294996,0.3245428,6.166949,1.3875949,-1.2047551,5.720611,4.308059,10.941301,1.5954283,-0.7963043,6.528035,1,2,0,1,2
590846,12529,Forward,23,Ansgar Knauff,44,899,0.45,1.67,0.4,70.04,0.10011123470522804,33.33,11.11,-0.04988876529477193,1.67,0.78,0.78,0.56,3.12,1.56,0.47,899,3,72.56,44.490222469410455,1.67,0.53,29.812555617352615,-0.88405335,7.518279,3.0964634,5.632448,5.3367276,3.673843,4.989599,3.7367778,4.135657,6.221767,1,0,0,2,0
626591,12529,Forward,23,Patrick Wimmer,43,850,1.17,1.8,0.42,64.6,0.10588235294117646,27.27,9.09,0.025882352941176467,1.38,1.06,2.12,0.42,2.33,1.91,0.69,850,3,67.99,36.49176470588235,2.44,-0.6899999999999997,26.557941176470585,-1.4349284,6.723997,3.1776674,5.5631523,-0.547582,4.441527,5.019027,3.689406,4.404087,6.076545,1,0,1,2,0
670080,12529,Forward,22,Tiago Tomás,43,1227,0.0,1.1,0.07,71.12,0.3667481662591687,68.42,26.32,-0.08325183374083134,1.32,1.25,2.5,0.22,1.17,1.62,0.72,1227,3,72.29,95.02349633251833,2.5700000000000003,-1.3900000000000001,42.12337408312959,4.0434504,7.1682906,0.029913457,1.8466966,-1.6374271,5.085646,9.533578,1.1782383,-1.0495557,5.1730494,2,0,1,1,2
153616,12529,Forward,34,Kevin Behrens,43,101,0.0,0.0,0.0,56.1,0.8910891089108911,50.0,25.0,-0.42891089108910874,0.0,0.88,0.0,0.0,0.88,0.0,0.11,101,1,56.1,75.46217821782179,-0.88,0.77,32.86304455445545,6.394733,9.045923,1.7117174,-1.1862881,14.016165,7.309101,-0.24520504,6.6984143,3.68667,4.402554,2,2,0,0,0
148047,12529,Forward,25,Jonas Wind,43,930,0.0,1.65,0.29,73.45,0.6774193548387097,61.11,44.44,0.2374193548387098,0.39,1.35,2.03,0.0,0.39,0.58,0.18,930,2,75.39,106.46483870967741,1.0699999999999998,-0.36999999999999994,45.63870967741935,-0.26611134,7.7560005,0.29279792,-1.3242636,-2.059273,3.4419494,6.4093194,0.5041644,-1.8460029,4.66978,1,2,1,2,2
3154,12529,Forward,31,Harry Kane,38,1442,0.2,1.63,0.37,81.03,0.7489597780859917,59.62,32.69,0.09895977808599166,0.98,0.72,0.85,0.59,0.33,0.52,0.12,1442,1,83.23,93.15791955617198,1.1099999999999999,-0.9,44.149479889043,-0.89613247,6.756033,0.9095733,-1.5054578,5.957767,0.8574663,11.862268,1.9759588,-1.9482605,5.848275,1,2,2,1,2
1335,12529,Forward,29,Serge Gnabry,38,669,0.58,1.58,0.27,84.33,0.5381165919282511,55.0,15.0,-0.1118834080717489,1.44,0.43,0.29,0.29,1.44,1.3,0.38,669,1,86.76,70.42623318385651,1.3,-0.5300000000000001,39.489058295964135,-0.08805749,6.064203,2.8391607,0.83199424,7.2482805,4.5407286,3.8176246,2.7583506,-0.19028537,8.187981,1,2,0,2,2
983,12529,Forward,35,Thomas Müller,38,726,1.56,2.59,0.25,78.13,0.12396694214876033,50.0,7.14,-0.17603305785123968,0.78,1.43,0.78,0.13,0.52,0.91,0.28,726,1,82.53,57.08793388429752,0.13000000000000012,-0.8,34.736983471074375,-0.6827202,4.724111,2.2207873,5.9059315,6.4000454,0.6320954,3.2373729,1.3459238,2.1917758,7.4638867,1,0,2,2,0
1345,12529,Forward,28,Kingsley Coman,38,858,0.9,2.48,0.31,89.45,0.3146853146853147,56.52,13.04,-0.13531468531468538,2.81,0.79,0.56,0.34,1.01,0.67,0.12,858,2,93.14,69.73937062937063,2.58,-0.1200000000000001,41.334842657342655,-0.87496835,5.8870845,1.2515892,4.131821,5.0104947,4.3352127,5.731389,1.6598529,-1.2317135,8.391416,1,0,0,2,2
673188,12529,Forward,19,Mathys Tel,38,252,0.36,0.36,0.36,86.55,0.0,60.0,0.0,-0.09999999999999998,2.15,1.79,2.15,0.36,0.72,1.79,0.0,252,3,87.63,59.9,2.51,-1.4300000000000002,37.152499999999996,-0.1287727,7.0021334,2.8692625,8.803887,-0.5510533,5.149318,-0.63397986,5.8460307,-0.96899176,8.229969,1,1,1,0,2
142602,12529,Forward,25,Connor Metcalfe,548,226,1.19,0.79,0.0,63.29,0.0,66.67,0.0,-0.18,0.79,0.0,1.19,0.0,0.0,1.59,0.75,226,2,65.27,66.49,1.98,-2.34,32.849999999999994,5.025286,8.027967,2.9571416,8.880227,3.1908116,0.40602452,-1.4235789,6.0918775,3.4935076,5.1235423,2,1,2,0,0
22483,12529,Forward,26,Johannes Eggestein,548,1473,0.35,1.32,0.24,77.46,0.12219959266802444,66.67,16.67,0.0021995926680244415,0.42,1.25,0.69,0.62,0.21,0.62,0.19,1473,2,79.36999999999999,83.46439918533605,-0.14000000000000012,-1.22,40.36859979633402,0.28837532,7.086957,0.036451016,3.4562676,8.815136,3.4601479,12.107275,2.0830603,-0.16823344,5.843398,1,0,0,1,2
112197,12529,Forward,26,Morgan Guilavogui,548,1315,0.15,1.47,0.07,67.91,0.34220532319391633,31.82,13.64,0.05220532319391635,1.24,1.24,1.47,0.62,2.01,2.09,0.75,1315,2,69.6,45.854410646387834,1.47,-1.4500000000000002,28.868602661596956,4.3704624,7.3832,2.9154553,2.0226784,1.5235003,2.8850677,9.773161,1.8877215,4.3165092,5.9248204,2,2,0,1,0
64961,12529,Forward,27,Oladapo Afolayan,548,1249,0.67,1.27,0.07,76.34,0.14411529223378702,47.37,10.53,-0.13588470776621295,2.68,2.46,2.24,0.67,1.19,1.27,0.44,1249,2,78.35000000000001,57.90823058446757,2.4600000000000004,-1.1900000000000002,34.3820576461169,2.3784924,5.1697984,2.429847,5.5855923,-0.4871479,5.4231806,9.768967,1.2660793,3.2458048,6.9570823,1,0,1,1,0
686909,12529,Forward,26,Leonardo Weschenfelder-Scienza,552,897,2.03,2.57,0.2,72.4,0.3010033444816054,59.09,13.64,-0.1789966555183946,2.78,1.28,4.28,0.43,1.18,0.96,0.53,897,2,77.2,72.85200668896321,5.78,-0.74,38.7730016722408,-0.63746566,4.382217,0.9328232,4.1484976,-2.3733711,6.8823767,6.250218,1.6076127,-1.7123203,7.4331746,1,0,1,2,2
170700,12529,Forward,24,Maximilian Breunig,552,340,0.0,1.05,0.0,57.89,0.2647058823529412,42.86,28.57,-0.08529411764705885,0.79,1.58,1.32,0.26,1.05,2.11,0.23,340,2,58.94,71.60941176470588,0.53,-1.5499999999999998,32.38235294117647,5.5191402,8.793694,1.6650432,2.1302218,2.6094816,0.7517534,0.34510145,5.3011613,3.7585392,4.476055,2,2,2,0,0
185009,12529,Forward,25,Marvin Pieringer,552,1187,0.0,1.19,0.15,67.02,0.22746419545071608,40.74,14.81,-0.15253580454928395,0.56,1.03,1.91,0.72,1.11,2.31,0.06,1187,2,68.36,55.62492839090144,1.44,-1.98,30.86123209772536,3.2370868,8.678863,2.605185,4.294144,-1.1632551,3.0601819,9.237027,1.048873,3.9480717,5.375262,2,0,1,1,0
22967,12529,Forward,28,Mathias Honsak,552,616,1.23,0.93,0.15,67.84,0.4383116883116883,35.71,14.29,0.08831168831168834,1.08,0.46,1.54,0.15,1.54,0.77,0.42,616,2,70.15,50.52662337662338,2.16,0.20000000000000012,30.759155844155845,2.3704422,5.814301,2.894877,1.7674676,0.8719983,2.6793401,3.4958222,2.8942437,4.0753264,6.215593,1,2,0,2,0
682950,12529,Forward,22,Luca Kerber,552,472,0.0,0.64,0.0,79.07,0.1906779661016949,75.0,25.0,-0.08932203389830512,0.21,0.43,0.86,0.0,3.43,2.36,0.64,472,3,79.71,100.10135593220339,0.64,0.43000000000000027,45.220338983050844,5.489025,5.007382,-0.47848427,3.249041,9.244646,3.0421789,3.8673978,4.264179,-1.7880565,4.5915,0,0,0,2,2
183623,12529,Forward,24,Mikkel Kaufmann,552,367,0.0,0.73,0.0,51.16,0.0,100.0,0.0,-0.16,0.49,0.49,3.42,0.0,1.47,1.22,0.33,367,2,51.88999999999999,99.84,3.42,-0.08000000000000002,38.76749999999999,6.663724,9.426719,-1.113655,8.826215,-2.5954394,6.149758,1.8308,4.4392123,0.9502311,4.2752023,2,1,1,2,2
87035,12529,Forward,34,Andreas Albers Nielsen,548,47,0.0,3.21,0.0,48.28,1.9148936170212765,50.0,50.0,0.5848936170212764,3.21,9.64,3.21,0.0,0.0,3.21,0.08,47,1,51.49,102.49978723404256,-3.2200000000000006,-3.29,36.86994680851064,5.1626825,8.873781,0.93196136,-1.8821009,-1.7348405,6.209268,-3.1277401,6.9733295,0.5289623,3.7017126,2,2,1,0,2
197832,12529,Forward,23,Scott Banks,548,71,0.0,0.0,0.0,73.68,0.0,0.0,0.0,-0.9299999999999999,2.5,2.5,2.5,0.0,2.5,2.5,0.25,71,3,73.68,-0.9299999999999999,2.5,-0.25,18.75,6.252642,5.526027,2.4159193,11.194754,-0.80664873,5.375978,0.023677774,8.125096,7.564502,5.1014757,0,1,1,0,1
1330,12529,Forward,27,Oliver Burke,37,161,0.0,1.68,0.0,57.89,1.1180124223602483,37.5,25.0,0.038012422360248266,1.12,1.68,0.0,0.0,3.91,1.68,0.08,161,2,59.57,63.6560248447205,-0.5599999999999998,2.1500000000000004,31.204006211180126,5.239509,8.833133,1.3264748,-1.7575337,7.563427,4.9283004,0.30501628,9.136617,3.6834855,4.394563,2,2,0,0,0
35339,12529,Forward,30,Haris Tabakovic,49,333,0.27,1.08,0.27,66.28,0.2702702702702703,61.54,7.69,-0.22972972972972971,0.27,2.16,0.54,0.81,0.27,1.62,0.09,333,1,67.9,69.27054054054055,-1.35,-2.25,33.392635135135144,0.61712295,8.808873,0.9319898,4.6935077,8.806562,3.8746638,-0.67815804,5.059873,3.2707546,4.9032574,1,0,0,0,0
632525,12529,Forward,23,El Bilal Touré,51,311,0.0,1.74,0.29,77.03,0.5787781350482315,30.77,15.38,-0.011221864951768468,0.87,0.29,0.87,0.29,0.87,2.03,0.0,311,3,79.06,46.71755627009646,1.4500000000000002,-1.4499999999999997,31.444389067524114,-0.2823483,7.5036306,2.80809,1.2090075,5.951927,0.7331139,0.10680613,5.2739816,3.4614077,7.005673,1,2,2,0,0
687281,12529,Forward,25,Henri Koudossou,50,585,0.61,0.92,0.0,79.9,0.0,0.0,0.0,-0.08,1.08,0.15,0.31,0.31,2.61,0.61,0.5,585,2,81.43,-0.08,1.24,1.19,20.945,4.5589337,4.787574,3.5369463,12.75869,7.6392856,4.6770573,3.9344919,3.9962869,7.46948,5.326946,0,1,0,2,1
1366,12529,Forward,28,Sehrou Guirassy,33,1512,0.0,0.57,0.06,72.67,0.41666666666666663,48.48,24.24,-0.003333333333333355,0.25,1.2,2.15,0.44,0.19,0.63,0.06,1512,2,73.3,73.13333333333333,1.2,-0.94,36.67333333333333,5.3807974,6.5218987,1.8754817,1.2354382,-2.2406182,3.6608484,12.318299,2.1691718,1.654612,5.376527,2,2,1,1,0
1541,12529,Forward,29,Leroy Sané,38,862,0.54,1.73,0.21,85.17,0.5220417633410672,45.83,20.83,-0.08795823665893288,1.95,1.3,1.3,0.22,1.08,0.76,0.33,862,1,87.65,67.09408352668213,1.95,-0.22999999999999993,39.11602088167053,0.21635112,5.694382,2.4404411,0.5810739,3.2132323,3.4898012,5.8517895,1.6137407,-0.8294812,8.195589,1,2,0,2,2
21644,12529,Forward,32,Steven Skrzybski,566,598,1.11,1.42,0.15,70.52,0.45150501672240806,85.71,14.29,0.18150501672240804,1.74,1.11,1.74,0.0,1.42,1.58,0.45,598,1,73.2,100.6330100334448,2.37,-0.6100000000000001,43.898252508361196,2.260706,5.705283,-0.33326545,2.9156952,0.57139105,3.9632354,3.3252337,2.8651614,-1.3806347,5.209477,1,0,1,2,2
40546,12529,Forward,30,Stefan Schimmer,552,185,0.52,1.55,0.0,60.0,0.0,16.67,0.0,-0.31,0.0,0.0,0.52,0.52,0.52,0.52,0.0,185,1,62.07,16.360000000000003,0.52,-0.52,19.6075,5.258713,8.683497,2.6679034,11.215479,8.97028,3.9290392,-0.8569825,6.284145,6.7432413,4.846918,2,1,0,0,1
683493,12529,Forward,21,Grant-Leon Ranos,39,18,0.0,0.0,0.0,50.0,0.0,0.0,0.0,-0.05,0.0,5.0,0.0,0.0,5.0,5.0,0.5,18,3,50.0,-0.05,-5.0,-0.5,11.1125,6.565557,9.233776,3.9566283,12.806323,13.452722,6.524069,0.1839722,9.472132,6.5332317,4.8263364,2,1,0,0,1
1091,12529,Forward,30,Michael Gregoritsch,42,410,0.0,0.66,0.22,64.21,0.21951219512195122,50.0,12.5,-0.3104878048780488,0.66,1.76,1.1,0.66,0.66,1.1,0.25,410,1,65.08999999999999,62.4090243902439,0.0,-1.35,31.537256097560974,1.5698624,8.912159,1.5286218,4.4955606,3.9979014,0.12168072,-0.11875691,4.7771883,3.5033627,4.613703,1,0,2,0,0
1369,12529,Forward,29,Gerrit Holtmann,540,614,1.27,1.09,0.15,76.79,0.0,16.67,0.0,-0.1,0.91,0.91,0.73,0.36,2.54,1.63,0.6,614,1,79.30000000000001,16.57,0.73,-0.04999999999999971,24.137500000000003,1.8337487,5.4287496,3.2634728,11.273581,6.4798417,0.7814358,4.084377,3.9667833,7.2526813,5.523798,1,1,2,2,1
1211,12529,Forward,32,Kevin Volland,541,35,0.0,0.0,0.0,50.0,0.0,0.0,0.0,0.0,0.0,0.0,0.0,0.0,0.0,0.0,0.0,35,1,50.0,0.0,0.0,0.0,12.5,6.696672,9.373079,13.707703,8.835136,14.1708145,7.4832006,-3.5453086,7.027045,6.6747875,4.6658235,2,1,0,0,1
1247,12529,Forward,30,Maximilian Philipp,42,15,0.0,0.0,0.0,20.0,0.0,0.0,0.0,0.0,0.0,0.0,0.0,0.0,0.0,0.0,0.0,15,1,20.0,0.0,0.0,0.0,5.0,6.3557296,9.480699,13.779562,8.907053,14.053664,7.407,-3.6580892,7.093011,6.5118647,4.6173306,2,1,0,0,1
123540,12529,Forward,26,Lukas Nmecha,43,209,0.0,0.43,0.0,62.75,0.8612440191387559,66.67,33.33,0.031244019138755852,0.43,0.43,3.01,0.0,0.43,1.72,0.11,209,2,63.18,100.8924880382775,3.01,-1.4000000000000001,41.42062200956937,5.8828297,8.397664,0.92188096,-1.6456047,-2.628684,5.5918875,-1.0077085,6.178286,0.7912338,4.3842473,2,2,1,0,2
18947,12529,Forward,28,Ivan Prtajin,541,88,0.0,0.0,0.0,53.33,0.0,0.0,0.0,-0.11,0.0,5.62,0.0,5.62,0.0,0.0,0.0,88,2,53.33,-0.11,-5.62,-5.62,10.495000000000001,6.745778,9.351927,3.016509,12.84684,13.505506,6.456002,-2.384467,6.677973,6.502436,4.8353953,2,1,0,0,1
87104,12529,Forward,30,Budu Zivzivadze,552,437,0.0,0.78,0.21,57.97,0.0,66.67,0.0,-0.29000000000000004,0.78,1.04,1.3,0.78,1.56,1.04,0.25,437,1,58.96,66.38,1.04,-0.51,31.4675,1.8504444,8.983494,2.8986506,9.090884,2.8040106,0.6302687,2.3212826,3.9049354,3.8624737,4.6376796,1,1,2,2,0
193451,12529,Forward,24,Andrej Ilić,541,51,0.0,1.76,0.0,68.42,0.0,0.0,0.0,-0.29,0.0,0.0,0.0,0.0,1.76,3.53,0.0,51,2,70.18,-0.29,0.0,-1.7699999999999998,17.03,4.6205044,7.317132,2.3993745,11.382887,13.983247,7.282265,0.12025253,7.2684717,6.9635363,5.038942,2,1,0,0,1
769436,12529,Forward,22,Gift Orban,49,131,0.0,0.0,0.0,78.26,0.6870229007633587,0.0,0.0,0.46702290076335873,1.73,0.87,0.87,3.46,0.0,0.87,1.0,131,3,78.26,1.1540458015267174,1.73,-5.33,18.953511450381683,6.255186,5.2383847,3.0137112,1.6322713,4.9365034,3.4744256,-2.3864462,6.6431055,7.8997135,5.37486,0,2,0,0,1
575932,12529,Forward,22,Erencan Yardımcı,49,177,0.0,0.0,0.0,64.29,0.0,100.0,0.0,-0.1,0.0,1.01,1.01,2.02,1.01,2.53,0.33,177,3,64.29,99.9,0.0,-3.87,40.08,6.001691,8.193574,-1.1058233,8.819024,9.325517,2.7755973,0.099030785,6.6253915,0.27524194,3.8620076,2,1,0,0,2
17515,12337,Forward,27,Christopher Operi,493,1170,2.54,1.77,0.15,78.88,0.0,33.33,0.0,-0.1,0.92,0.77,1.23,0.23,1.0,0.62,0.31,1170,2,83.34,33.23,1.38,-0.15999999999999998,29.447499999999998,-0.20811747,3.9699578,3.566096,10.30707,2.9694407,0.76772946,9.008503,0.87088156,3.5655887,7.133073,1,1,2,1,0
148624,12337,Forward,23,Josue Casimir,493,785,0.52,0.91,0.0,75.74,0.11464968152866241,42.86,14.29,-0.11535031847133757,0.78,1.68,2.33,0.52,2.2,1.55,0.42,785,3,77.17,57.149299363057324,1.4300000000000002,-0.28999999999999987,33.864824840764335,4.2199464,4.9586167,2.656621,5.3017035,-2.3792872,4.4824595,4.9075236,3.6661892,2.8668032,7.0267954,0,0,1,2,0
19320,12337,Forward,28,Samuel Grandsir,493,79,1.15,3.46,0.0,73.08,0.0,0.0,0.0,-0.18,0.0,2.31,0.0,0.0,5.77,2.31,0.17,79,2,77.69,-0.18,-2.31,3.2899999999999996,19.6225,1.3395299,4.225011,2.2232,11.747183,13.863587,6.9898663,0.0656201,9.474466,7.0474772,5.3312745,1,1,0,0,1
789616,12337,Forward,19,Steve Ngoura,493,284,0.0,0.63,0.0,69.81,0.0,33.33,0.0,-0.27,2.22,2.85,0.32,0.63,1.27,1.58,0.0,284,3,70.44,33.059999999999995,-0.3099999999999999,-0.9400000000000001,25.5625,5.543743,6.897164,3.2931585,10.07369,5.851233,4.4161487,0.5870111,5.7499022,5.248631,5.519095,2,1,0,0,0
3340,12337,Forward,29,Marco Asensio,68,620,0.44,2.35,0.58,89.37,0.2903225806451613,73.68,10.53,-0.11967741935483867,0.59,0.73,0.44,0.44,0.59,0.15,0.55,620,1,92.74000000000001,84.38064516129033,0.3,-0.55,44.21766129032258,-1.727439,6.337455,0.39340493,4.390811,8.321229,4.4843907,2.6027544,1.6845853,-2.2411542,6.458507,1,0,0,2,2
195464,12337,Forward,23,Gonçalo Ramos,68,378,0.0,2.55,0.48,79.66,0.9523809523809523,71.43,14.29,0.08238095238095222,0.0,0.32,0.96,1.6,1.6,0.96,0.14,378,3,82.69,86.75476190476192,0.6399999999999999,-1.1,42.24619047619048,-1.7693427,6.548526,1.4148444,-1.6004485,9.348336,2.8326216,1.9561194,4.3822575,-1.559164,6.0481353,1,2,0,2,2
17588,12337,Forward,26,Randal Kolo Muani,68,351,0.0,1.08,0.26,72.6,0.25641025641025644,46.15,15.38,-0.15358974358974364,1.62,2.69,1.62,0.54,0.81,1.35,0.0,351,2,73.94,61.632820512820516,0.5500000000000003,-1.08,33.760705128205124,0.3323286,8.21442,1.9191675,3.9775276,1.2280943,3.6165035,0.11179871,5.1209774,2.4869936,5.920818,1,0,1,0,0
637908,12337,Forward,22,Bradley Barcola,68,1325,0.22,1.68,0.27,84.96,0.7471698113207548,55.56,24.44,-0.012830188679245236,1.9,0.73,1.02,0.29,1.1,1.1,0.61,1325,3,87.13,80.73433962264151,2.19,-0.9,42.28858490566038,-0.28500736,6.4151936,1.5496569,-1.4012948,4.3255844,3.3950438,10.480026,1.809694,-2.2389894,7.109043,1,2,0,1,2
1018,12337,Forward,27,Ousmane Dembélé,68,1118,2.0,3.72,0.32,84.16,1.0465116279069768,63.41,24.39,0.03651162790697682,1.91,1.45,1.0,0.54,0.27,0.45,0.25,1118,2,90.2,88.88302325581395,1.46,-0.97,44.89325581395349,-0.7065662,4.531346,1.3479638,-1.69701,4.5858474,3.4794,7.8853874,-0.19625334,-2.281819,6.531611,1,2,0,1,2
19340,12337,Forward,30,Ludovic Ajorque,491,1397,0.0,1.4,0.06,70.55,0.5153901216893343,66.67,33.33,0.11539012168933421,0.37,0.3,1.18,0.52,0.81,2.07,0.75,1397,1,72.00999999999999,100.63078024337867,1.25,-2.53,42.840195060844664,4.279396,7.2336273,0.5174538,-0.64044136,3.6840577,-0.10715332,11.215416,1.9309257,-1.1535403,4.2414813,2,2,2,1,2
145640,12337,Forward,26,Jérémy Le Douaron,491,101,0.0,0.0,0.0,78.57,0.0,50.0,0.0,-0.21,0.0,0.89,0.0,1.78,0.89,1.78,0.5,101,2,78.57,49.79,-0.89,-3.17,31.074999999999996,6.2430663,5.226655,3.4490292,9.375095,13.93559,7.107314,-0.30339107,6.7755804,3.0307639,6.028188,0,1,0,0,0
67913,12337,Forward,27,Derek Cornelius,443,769,0.12,0.35,0.0,93.97,0.0,0.0,0.0,-0.17,0.12,0.12,1.05,0.0,1.17,1.29,0.25,769,2,94.44,-0.17,1.05,-0.3700000000000001,23.737499999999997,6.570084,4.039528,2.2227578,11.78286,9.270204,2.633415,5.157283,2.0211768,7.741413,5.79244,0,1,0,2,1
594762,12337,Forward,22,Elye Wahi,443,575,0.0,0.94,0.16,81.48,0.3130434782608696,78.57,21.43,-0.09695652173913039,0.31,1.72,1.25,1.57,0.0,2.66,0.31,575,3,82.58,100.21608695652172,-0.15999999999999992,-4.54,44.52402173913043,1.4770194,6.6692905,-0.42827168,3.227033,3.28913,-0.16047233,2.045965,1.7107563,-1.9766896,4.7423162,1,0,2,2,2
198392,12337,Forward,23,Luis Henrique Tomaz de Lima,443,1482,0.77,1.54,0.24,82.09,0.3643724696356275,57.14,42.86,0.014372469635627438,1.54,0.51,0.26,0.38,0.58,0.32,0.0,1482,3,84.64,100.37874493927126,1.29,-0.12000000000000005,46.54718623481781,0.08447356,5.844252,-0.019565219,-0.41466823,7.225247,4.584653,12.073914,2.3038359,-2.432024,5.4358206,1,2,0,1,2
178541,12337,Forward,24,Faris Pemi Moumbagna,443,8,0.0,0.0,0.0,0.0,0.0,0.0,0.0,0.0,0.0,10.0,0.0,0.0,0.0,10.0,0.0,8,2,0.0,0.0,-10.0,-10.0,-5.0,6.311045,9.49621,13.73484,8.862321,13.44346,6.285407,-3.1492045,6.8878527,6.3781867,4.74337,2,1,0,0,1
907971,12337,Forward,18,Keyliane Hikram Abdallah,443,2,0.0,0.0,0.0,100.0,0.0,0.0,0.0,0.0,0.0,0.0,0.0,0.0,45.0,0.0,0.0,2,3,100.0,0.0,0.0,45.0,36.25,6.6173525,3.9620469,13.679101,8.80676,14.040704,7.3612766,0.19369557,9.442291,7.211172,4.6683784,0,1,0,0,1
38883,12337,Forward,31,Junya Ito,451,1676,2.33,3.06,0.16,76.28,0.21479713603818618,47.06,23.53,-0.11520286396181378,1.59,1.42,1.13,0.34,1.13,0.45,1.39,1676,1,81.83,70.68959427207638,1.3,-1.05,38.192398568019094,-0.51137894,4.210305,1.6928232,2.6808321,4.015469,2.9448907,12.657416,3.9743323,0.033553075,7.048244,1,2,0,1,2
148396,12337,Forward,24,Keito Nakamura,451,1503,0.38,0.45,0.06,79.23,0.47904191616766467,48.39,22.58,0.019041916167664708,0.76,1.53,0.25,0.38,0.96,1.08,0.44,1503,2,80.12,71.46808383233532,-0.52,-0.9400000000000002,37.53202095808383,5.2899904,4.8211827,2.1297877,1.0879521,7.9517827,4.823427,11.892002,3.0658984,0.7526626,6.711238,0,2,0,1,2
830907,12337,Forward,19,Mamadou Diakhon,451,256,0.0,1.17,0.0,85.19,0.3515625,100.0,33.33,-0.12843749999999998,3.9,0.39,3.9,0.0,2.73,0.39,0.14,256,3,86.36,133.553125,7.41,2.1999999999999997,57.38078124999999,4.7015285,3.9339538,-0.067319855,0.07537243,-2.325247,6.9388065,0.060084034,8.625201,-2.6916099,6.6521134,0,2,1,0,2
161028,12337,Forward,26,Mohamed Bayo,441,305,0.0,0.83,0.3,67.57,0.5901639344262295,60.0,40.0,0.14016393442622954,0.42,1.67,0.42,0.0,0.0,2.5,0.0,305,2,68.69999999999999,100.73032786885246,-0.8300000000000001,-2.5,41.525081967213104,0.6987262,8.688066,0.38252857,-1.0394663,8.486411,4.400617,-0.92021286,5.2695665,0.14156337,4.0855255,1,2,0,0,2
202842,12337,Forward,21,Hákon Arnar Haraldsson,441,787,0.29,1.18,0.23,82.51,0.2287166454891995,66.67,33.33,-0.011283354510800425,1.18,0.74,1.32,0.15,2.35,1.18,0.4,787,3,84.21000000000001,100.2174332909784,1.76,0.6200000000000002,46.7018583227446,0.17970352,6.708467,-0.010970222,0.7700041,2.4769151,1.4701183,4.9057255,3.7524147,-2.455432,5.5165124,1,2,0,2,2
171435,12337,Forward,25,Jonathan David,441,1539,0.0,0.76,0.18,82.63,0.3508771929824561,75.86,37.93,0.02087719298245605,0.63,1.2,1.2,0.19,1.01,1.2,0.29,1539,2,83.57,114.16175438596491,0.63,-0.6699999999999999,49.42293859649123,1.292394,6.6244335,-0.091600485,0.16673261,3.3300533,0.16899316,12.025441,3.2832983,-2.5565462,4.7521744,1,2,2,1,2
2439,12337,Forward,30,Takumi Minamino,56,1219,0.0,1.96,0.07,70.0,0.07383100902379,41.18,5.88,-0.17616899097621,0.85,0.77,0.85,0.51,1.19,0.85,0.73,1219,1,72.03,46.957662018047586,0.9299999999999999,-0.9,29.754415504511897,4.2689047,7.2876873,2.9500663,6.094275,5.969255,0.7578418,9.586161,1.188105,4.278901,5.9578443,2,0,2,1,0
469661,12337,Forward,27,Breel Embolo,56,963,0.0,1.47,0.37,74.3,0.37383177570093457,42.31,15.38,0.09383177570093448,0.88,2.35,2.06,0.69,0.59,1.27,0.44,963,2,76.14,58.157663551401875,0.5899999999999999,-1.81,33.26941588785047,-0.65156215,7.5414095,2.8832648,1.8227472,-1.2118647,3.595787,6.774364,0.37502742,2.679465,6.232471,1,2,1,2,0
120168,12337,Forward,23,Folarin Balogun,56,472,0.0,1.14,0.0,70.79,0.5720338983050848,42.86,21.43,-0.03796610169491532,0.57,1.14,1.14,0.76,0.0,0.76,0.29,472,3,71.93,64.82406779661017,0.57,-1.81,33.87851694915254,4.911063,6.8647394,2.4937098,0.67940366,3.8127198,0.055080276,-0.40378484,4.574066,2.489144,5.4714174,2,2,2,0,0
50458,12337,Forward,29,Ibrahim Sissoko,434,802,0.0,0.79,0.11,66.67,0.22443890274314213,33.33,20.0,-0.025561097256857845,0.34,1.46,2.24,0.9,1.23,3.93,0.2,802,1,67.57000000000001,53.52887780548629,1.1200000000000003,-3.8000000000000003,29.604719451371576,3.3708115,8.7989025,2.5234084,2.707911,-2.3588638,3.8891826,5.3158565,2.0059369,4.1827507,5.1380253,2,2,1,2,0
34175,12337,Forward,29,Ado Onaiwu,479,545,0.51,1.02,0.0,74.21,0.3302752293577982,75.0,16.67,-0.18972477064220183,1.02,2.38,1.36,0.17,1.02,0.85,0.22,545,1,75.74,91.8105504587156,2.220446049250313e-16,-0.22,41.832637614678895,4.0494714,5.0738,0.070176676,3.9510849,2.3853686,1.321079,2.701532,2.880237,-0.68170315,4.747256,0,0,2,2,2
166685,12337,Forward,25,Thelonius Bair,479,435,0.0,1.66,0.0,68.55,0.20689655172413793,77.78,11.11,-0.2031034482758621,0.0,0.62,0.62,1.24,0.62,2.07,0.06,435,2,70.21,88.89379310344827,0.0,-2.75,39.08844827586206,4.6439643,7.324187,0.43794438,4.6573668,9.091356,3.8230472,-0.07740404,4.712496,0.4316961,4.2650537,2,0,0,0,2
147913,12337,Forward,25,Lassine Sinayoko,479,1440,0.26,1.32,0.25,79.49,0.0625,42.86,9.52,-0.0675,0.79,1.38,1.25,0.66,1.12,1.25,0.42,1440,2,81.32,52.37499999999999,0.6600000000000001,-1.21,33.286249999999995,0.13534689,6.9958763,2.8336587,5.783673,2.8518507,0.6556431,11.405666,2.8087125,2.7356691,7.218812,1,0,2,1,0
19361,12337,Forward,28,Florian Aye,479,338,0.0,0.28,0.0,80.49,0.0,66.67,0.0,-0.16,0.56,1.11,1.11,0.28,0.28,1.94,0.07,338,2,80.77,66.51,0.56,-2.01,36.4575,5.9971924,4.923098,2.8845754,8.865224,3.980335,0.07619359,-0.7830172,5.0496197,0.93153584,7.0907145,0,1,2,0,2
190602,12337,Forward,23,Eros Maddy,479,7,0.0,0.0,0.0,100.0,0.0,0.0,0.0,-0.13,0.0,12.86,0.0,0.0,0.0,25.71,0.0,7,3,100.0,-0.13,-12.86,-25.71,15.325000000000001,6.657217,3.8999662,2.8414755,12.779701,13.433213,6.2722406,-3.0328026,6.779983,7.4478164,6.1913395,0,1,0,0,1
17195,12337,Forward,30,Gaëtan Laborde,445,708,0.14,0.72,0.25,71.88,0.5084745762711864,61.9,28.57,-0.09152542372881356,0.43,1.3,0.58,0.43,1.59,1.01,0.58,708,1,72.99,90.88694915254237,-0.29000000000000015,-0.4299999999999998,40.78923728813559,0.49603623,8.292338,1.1418477,-0.21964116,8.755124,3.738483,4.204712,2.6912332,-0.43403208,4.6405497,1,2,0,2,2
120463,12337,Forward,24,Bilal Brahimi,445,76,3.55,1.18,0.0,93.75,0.0,100.0,0.0,-0.31,1.18,3.55,0.0,0.0,0.0,3.55,0.0,76,2,98.48,99.69,-2.37,-3.55,48.0625,0.091115095,3.9378653,-1.0314145,8.724672,7.42529,4.9299016,-2.8902898,6.73932,-2.1505258,5.0576196,1,1,0,0,2
202271,12337,Forward,23,Evann Guessand,445,1641,0.29,1.16,0.27,80.2,0.4936014625228519,66.67,33.33,0.143601462522852,1.8,2.15,2.15,0.41,1.39,1.39,0.11,1641,3,81.92,100.6372029250457,1.8,-0.5199999999999999,45.95930073126143,0.11623177,6.9792933,0.50141823,-0.5659795,-0.58253884,4.7860065,12.517765,3.8054218,-2.2119865,5.5512815,1,2,1,1,2
677570,12337,Forward,21,Mohamed-Ali Cho,445,973,0.4,1.81,0.18,76.72,0.27749229188078106,72.73,18.18,-0.00250770811921891,1.11,1.61,2.52,0.81,0.6,0.81,0.36,973,3,79.11,91.18498458376155,2.02,-1.38,42.733746145940394,0.64024925,6.126294,-0.20620051,3.147629,-1.9513569,5.028733,6.8394513,0.29288733,-1.4331285,5.930022,1,0,1,2,2
793369,12337,Forward,20,Badredine Bouanani,445,660,0.28,1.66,0.0,82.64,0.2727272727272727,50.0,12.5,-0.20727272727272728,1.25,1.11,1.66,0.14,0.69,0.97,0.31,660,3,84.58,62.56545454545454,1.7999999999999998,-0.73,37.05386363636364,4.3785386,3.9948888,1.6020325,4.2789927,0.70730245,3.3987412,2.8722756,1.6147921,-0.7808524,8.17558,0,0,1,2,2
86502,12337,Forward,25,Modibo Sagnan,435,1556,0.0,0.33,0.0,88.15,0.11568123393316194,42.86,14.29,-0.05431876606683804,0.46,0.39,0.65,0.0,2.35,1.44,0.76,1556,2,88.48,57.21136246786632,0.72,0.15000000000000013,36.64034061696658,6.4348464,4.312519,2.497898,5.216567,8.849736,3.4540873,12.124094,3.9869459,0.44319266,8.128968,0,0,0,1,2
17496,12337,Forward,26,Arnaud Nordin,435,1171,0.61,1.15,0.08,75.78,0.23057216054654142,65.0,20.0,-0.04942783945345858,1.77,1.15,3.07,0.15,1.77,1.0,0.62,1171,2,77.62,85.18114432109309,3.69,1.1102230246251565e-16,41.62278608027327,2.4577572,5.334526,0.07976144,3.3376966,-2.2762237,6.36607,9.386705,1.5016452,-1.6800348,7.0511503,1,0,1,1,2
185971,12337,Forward,25,Akor Adams,435,1080,0.0,0.92,0.08,65.06,0.25,54.55,18.18,-0.13999999999999996,0.58,1.0,0.67,1.33,0.33,1.42,0.07,1080,2,66.06,72.83999999999999,0.25,-2.4899999999999998,34.16499999999999,3.650728,8.741746,1.2252511,3.7480567,8.657591,3.3143444,7.796979,-0.20194598,2.8351023,4.8169265,2,0,0,1,0
853866,12337,Forward,19,Othmane Maamma,435,112,1.61,1.61,0.8,90.0,0.8035714285714285,0.0,0.0,0.48357142857142854,3.21,6.43,4.82,0.0,0.0,1.61,0.25,112,3,94.02,1.287142857142857,1.6000000000000005,-1.86,23.76178571428571,-2.0415134,6.098144,3.0212166,1.4051074,-2.3886383,6.777581,-2.91484,6.7812557,7.802392,5.7923756,1,2,1,0,1
586316,12337,Forward,23,Tanguy Coulibaly,435,446,0.0,1.65,0.0,79.82,0.20179372197309417,60.0,20.0,-0.12820627802690585,2.68,2.06,0.41,0.21,1.86,2.89,0.6,446,3,81.47,80.0735874439462,1.03,-1.8399999999999999,40.18339686098655,4.5350738,4.0005383,0.5969764,3.4971886,5.356021,4.4298515,2.5034916,3.9268966,-0.64312816,6.247014,0,0,0,2,2
848458,12337,Forward,18,Yanis Ali Issoufou,435,75,0.0,0.0,0.0,62.5,0.0,0.0,0.0,-0.13,1.7,0.0,0.0,0.0,10.19,1.7,0.67,75,3,62.5,-0.13,1.7,7.82,17.972499999999997,6.079107,8.239684,2.8550808,12.804673,7.0786347,4.830769,0.07807147,9.526383,7.119289,4.639511,2,1,0,0,1
648381,12337,Forward,22,Dilane Bakwa,480,1561,1.33,1.84,0.29,80.31,0.11531069827033952,53.85,7.69,-0.10468930172966051,1.33,1.27,3.06,0.17,1.15,0.81,0.56,1561,3,83.77,61.55062139654068,3.12,-0.39000000000000024,37.01265534913517,-0.87781715,5.122743,1.9648849,5.8044157,-2.361928,6.1768775,12.043126,3.4561064,-1.3241687,7.9267635,1,0,1,1,2
678681,12337,Forward,21,Emanuel Emegha,480,1144,0.0,0.77,0.16,73.61,0.6293706293706294,82.61,30.43,0.06937062937062943,0.43,1.19,1.53,0.85,0.34,1.79,0.08,1144,3,74.54,113.73874125874126,0.77,-2.38,46.66718531468532,2.6218197,7.6960106,0.4058557,-0.71223146,-0.23795892,1.5058671,8.03229,-0.12091984,-1.6866423,4.082213,2,2,1,1,2
754591,12337,Forward,20,Diego Moreira,480,1458,0.46,0.92,0.25,78.81,0.06172839506172839,41.67,8.33,-0.048271604938271595,1.45,1.12,1.45,0.07,1.32,1.12,0.76,1458,3,80.44,50.013456790123456,1.7799999999999998,-0.6300000000000001,32.900864197530865,0.27904394,6.8926444,2.9840217,5.837384,1.680601,3.1110198,11.514568,3.176101,3.2724621,6.992771,1,0,0,1,0
594736,12337,Forward,25,Frank Magri,439,404,0.0,0.45,0.0,70.83,0.0,37.5,0.0,-0.17,0.45,2.03,1.35,0.45,0.45,1.35,0.19,404,2,71.28,37.33,-0.22999999999999976,-1.54,26.709999999999997,5.6439786,6.8263545,3.517244,10.0089655,0.44569874,1.0056758,-0.38087252,4.7745986,4.993601,5.514477,2,1,0,0,0
184916,12337,Forward,24,Zakaria Aboukhlal,439,1520,0.25,0.57,0.12,68.72,0.29605263157894735,53.49,13.95,-0.07394736842105265,0.63,1.26,1.01,0.31,0.94,1.83,0.78,1520,2,69.66,67.66210526315788,0.38,-1.9800000000000002,33.93052631578947,2.789903,8.4132395,1.6523962,3.7029593,4.51448,0.26785734,11.910562,3.1406667,2.666741,5.0883703,2,0,2,1,0
65034,12337,Forward,25,Sorba Thomas,440,840,3.36,2.92,0.21,76.43,0.10714285714285715,25.0,25.0,-0.042857142857142816,0.76,1.84,1.3,0.22,0.97,0.76,0.25,840,2,82.92,50.06428571428572,0.21999999999999997,-0.26,33.23607142857143,-0.45134917,4.039508,2.5671782,2.618713,2.667418,0.6960865,5.6580844,1.5767521,2.435899,7.459077,1,2,2,2,0
21471,12337,Forward,29,Moses Simon,440,1438,2.0,2.07,0.38,75.0,0.18776077885952713,68.42,26.32,0.03776077885952711,2.47,1.8,1.47,0.47,0.67,0.47,0.5,1438,1,79.45,94.96552155771904,2.14,-0.7699999999999999,43.946380389429756,-1.2417545,5.1213365,0.046391245,1.2454138,2.8755689,3.9532917,11.509234,2.0885558,-1.7548169,5.79345,1,2,0,1,2
17179,12337,Forward,28,Marcus Coco,440,471,0.8,1.0,0.19,84.21,0.0,0.0,0.0,-0.04000000000000001,0.2,0.2,1.99,0.0,2.79,3.38,1.11,471,2,86.19999999999999,-0.04000000000000001,1.99,-1.7,21.612499999999994,0.75317466,6.0556207,4.1285133,12.780149,-1.9908855,3.3082242,3.857033,4.1314354,7.863863,5.485933,1,1,1,2,1
26679,12337,Forward,29,Tinotenda Kadewere,440,479,0.0,1.5,0.38,75.17,0.1878914405010438,83.33,16.67,0.007891440501043734,0.56,1.12,0.38,0.38,2.06,0.94,0.62,479,1,77.05,100.19578288100209,-0.18000000000000005,0.12000000000000022,44.29644572025052,-0.7365785,7.366353,-0.42142844,3.393416,8.331485,4.515294,2.8600852,3.9178183,-1.5230733,4.4987087,1,0,0,2,2
638263,12337,Forward,21,Matthis Abline,440,1509,0.06,0.76,0.0,76.17,0.23856858846918488,53.12,15.62,-0.14143141153081512,1.08,1.84,1.33,0.19,0.44,0.95,0.28,1509,3,76.99,68.83713717693837,0.5700000000000001,-0.98,36.354284294234596,5.252573,5.406167,1.3818305,4.0577054,2.446766,1.4082971,12.336615,2.3461068,1.2266947,6.6337085,0,0,0,1,0
42405,12337,Forward,27,Mostafa Mohamed,440,537,0.0,0.35,0.0,59.79,0.33519553072625696,46.15,7.69,-0.004804469273743006,0.87,1.75,0.7,0.35,1.57,1.92,0.33,537,2,60.14,54.17039106145251,-0.18000000000000005,-1.0299999999999998,28.275097765363128,5.954206,8.50807,2.5885966,3.8552117,6.5852723,0.69720966,2.9639523,3.3930097,3.9273243,4.5837765,2,0,2,2,0
17273,12337,Forward,32,Loïs Diony,444,20,0.0,0.0,0.0,25.0,0.0,0.0,0.0,0.0,0.0,0.0,0.0,0.0,0.0,0.0,0.0,20,1,25.0,0.0,0.0,0.0,6.25,6.410004,9.435872,13.7019615,8.829457,13.969198,7.279812,-3.6503384,7.0425296,6.482219,4.6340337,2,1,0,0,1
40205,12337,Forward,25,Ibrahima Niane,444,694,0.13,0.91,0.0,69.18,0.25936599423631124,64.71,17.65,-0.24063400576368876,0.39,1.69,2.2,0.91,0.65,1.43,0.0,694,2,70.22000000000001,82.3787319884726,0.9000000000000004,-1.69,37.95218299711815,5.2447224,7.081613,0.58167964,4.0187125,-2.3305013,3.8318598,3.1354806,1.4517049,0.87744004,4.7128944,2,0,1,2,2
148623,12337,Forward,24,Esteban Lepaul,444,543,0.4,0.4,0.0,80.56,0.8287292817679559,72.73,45.45,-0.0012707182320441657,0.0,0.59,0.59,0.4,0.4,0.59,0.54,543,2,81.36,119.00745856353592,0.0,-1.13,49.809364640883985,5.5155168,4.7253203,0.35635763,-1.6062888,9.004286,3.9203956,2.1065698,1.8612407,-2.469999,4.598276,0,2,0,2,2
17381,12337,Forward,29,Wesley Saïd,449,401,0.0,1.15,0.0,81.37,0.22443890274314213,50.0,16.67,-0.12556109725685785,0.92,0.92,0.46,0.92,0.92,1.84,0.0,401,1,82.52000000000001,66.76887780548628,0.46,-1.84,36.977219451371575,4.9060626,4.1414366,1.5693798,3.8896036,7.79711,4.478393,0.12380065,4.855833,0.6861161,7.192835,0,0,0,0,2
17839,12337,Forward,34,Florian Sotoca,449,1037,0.64,1.09,0.09,78.33,0.0,47.83,0.0,-0.29000000000000004,1.0,1.09,0.73,0.36,0.82,0.73,0.29,1037,1,80.14999999999999,47.54,0.6399999999999999,-0.56,31.942499999999995,2.2200146,5.2364135,3.1975977,9.310019,6.540454,0.93413854,7.483521,0.4853401,2.987061,7.2447433,1,1,2,1,0
112361,12337,Forward,24,Amine Gouiri,442,1036,0.18,0.72,0.17,80.25,0.2606177606177606,60.0,8.0,-0.05938223938223941,1.17,1.62,0.99,0.36,0.81,1.35,0.28,1036,2,81.32,68.20123552123552,0.5399999999999998,-1.1800000000000002,37.22030888030887,1.4481753,6.728985,1.2584714,4.9361362,4.977181,1.5975559,7.470207,0.486374,0.6696456,7.0797033,1,0,2,1,2
17842,12337,Forward,29,Saïd Benrahma,57,737,1.34,1.83,0.37,79.61,0.12211668928086837,30.77,7.69,-0.037883310719131646,1.1,1.22,0.73,0.73,1.22,0.85,0.54,737,1,83.15,38.544233378561735,0.6100000000000001,-0.9,30.351058344640432,-1.2571454,5.437789,3.2677493,5.5849757,6.265952,1.0493293,4.753638,2.1626155,3.191502,7.283401,1,0,2,2,0
625948,12337,Forward,24,Georges Mikautadze,57,716,0.0,0.78,0.13,79.17,0.3770949720670391,61.9,19.05,-0.022905027932960897,1.43,1.3,1.69,0.26,0.39,0.26,0.22,716,2,80.08,81.30418994413408,1.8199999999999998,-0.35,40.71354748603352,1.6354159,6.7961707,0.1459112,2.7802582,0.7209068,3.6527393,3.2078574,1.3241992,-1.1085587,6.805373,1,0,1,2,2
768527,12337,Forward,19,Malick Fofana,57,1003,0.99,0.72,0.27,83.19,0.2691924227318046,70.59,17.65,-0.010807577268195478,1.35,1.08,2.07,0.27,1.35,0.54,0.39,1003,3,85.17,88.49838484546362,2.34,0.15000000000000002,44.039596211365904,0.440459,6.5251565,-0.07718352,3.1689246,-0.49745288,4.3997693,7.507174,1.0845165,-2.2706704,6.897913,1,0,1,2,2
55663,12337,Forward,29,Mama Baldé,57,858,0.44,0.99,0.1,71.86,0.2097902097902098,36.84,10.53,-0.11020979020979021,1.43,1.1,1.87,1.1,0.88,1.1,0.35,858,1,73.39,47.469580419580424,2.2,-1.6700000000000004,30.347395104895106,3.0158048,6.593896,2.9521582,4.580753,0.02636287,4.013624,5.6947412,1.448434,4.1140666,6.114468,2,0,1,2,0
794127,12337,Forward,19,Mahamadou Diawara,57,59,0.0,0.0,0.0,83.33,0.0,0.0,0.0,-0.06,0.0,6.43,0.0,0.0,6.43,6.43,1.0,59,3,83.33,-0.06,-6.43,-1.0,18.96,6.3601117,4.6178546,3.8346245,12.7445965,13.565019,6.4109755,0.11440366,9.546362,6.87998,5.8601522,0,1,0,0,1
769436,12337,Forward,22,Gift Orban,57,186,0.0,0.48,0.0,67.74,0.967741935483871,75.0,50.0,0.14774193548387093,0.48,0.0,0.48,1.94,0.0,2.42,0.33,186,3,68.22,126.11548387096774,0.96,-4.6899999999999995,47.65137096774193,5.6933317,7.1036286,0.40150422,-1.6322137,8.572612,4.301507,-2.2311742,6.5288253,-1.3400623,3.823003,2,2,0,0,2
4102,12337,Forward,33,Wahbi Khazri,435,838,0.96,1.43,0.11,73.17,0.10739856801909309,35.71,7.14,-0.1426014319809069,0.72,2.63,2.39,0.12,2.03,1.67,0.35,838,1,75.67,42.81479713603819,0.4800000000000002,-0.11000000000000021,29.71369928400955,2.1347113,5.551503,3.1180546,5.945046,-2.4622402,4.511764,5.083136,3.6574626,3.7150993,6.567771,1,0,1,2,0
3345,12337,Forward,33,Alexandre Lacazette,57,1184,0.4,1.53,0.15,72.47,0.30405405405405406,80.0,20.0,-0.07594594594594595,0.72,0.97,1.29,0.56,0.56,1.85,0.38,1184,1,74.55,100.2281081081081,1.04,-2.23,43.39702702702702,2.712172,6.9227834,-0.4321483,3.2156823,2.8092709,0.5483255,8.439695,0.16973872,-1.3017582,4.218495,2,0,2,1,2
48224,12337,Forward,27,Farid El Melali,444,1230,1.08,1.31,0.15,79.3,0.07317073170731707,40.91,4.55,-0.13682926829268294,3.32,1.93,1.93,0.46,1.47,0.93,1.0,1230,2,81.84,45.39634146341462,3.32,-0.92,32.409085365853656,1.4965781,5.3207917,2.9732518,6.1985216,0.00039278873,5.5793524,9.548735,1.3845999,3.57078,6.955674,1,0,1,1,0
13282,12337,Forward,29,Ibrahima Wadji,434,100,0.0,0.9,0.0,75.0,0.0,0.0,0.0,-0.18000000000000002,2.7,2.7,0.0,2.7,2.7,2.7,1.0,100,1,75.9,-0.18000000000000002,0.0,-3.7,18.005,5.202282,5.7380877,2.1746633,11.656052,6.404667,4.6791286,0.019361077,8.2743225,7.6194186,5.5697603,0,1,0,0,1
87011,12337,Forward,27,Emmanuel Sabbi,493,651,0.3,0.45,0.0,79.25,0.0,45.45,0.0,-0.18000000000000002,1.49,1.49,2.38,0.3,1.49,1.64,0.21,651,2,80.0,45.27,2.38,-0.6599999999999999,31.747500000000002,5.4324193,4.8929853,3.4915683,9.552212,-1.3491619,5.0573483,3.7374282,2.8147116,3.626839,6.8991275,0,1,1,2,0
605458,12337,Forward,24,Issa Soumaré,493,721,0.0,1.24,0.0,67.8,0.0,45.45,0.0,-0.21000000000000002,0.41,1.24,2.61,0.14,0.55,1.1,0.54,721,2,69.03999999999999,45.24,1.7799999999999998,-1.23,28.7075,4.9232373,7.2592053,3.4246786,9.475215,-2.645705,4.9778976,3.172942,1.4399736,4.434741,6.04221,2,1,1,2,0
684867,12337,Forward,23,Abdallah Sima,491,633,0.18,0.54,0.28,71.76,0.4265402843601896,71.43,21.43,-0.1334597156398104,0.72,1.62,1.8,0.36,0.9,1.08,0.23,633,3,72.76,93.15308056872038,0.8999999999999999,-0.77,41.51077014218009,0.5312946,8.362242,-0.23450273,2.5399544,-0.88380015,2.7417686,3.0306265,2.0423698,-0.48480523,4.8904963,1,0,1,2,2
686010,12337,Forward,22,Sékou Mara,480,605,0.0,0.75,0.15,73.19,0.1487603305785124,50.0,12.5,-0.0412396694214876,1.5,1.65,1.8,0.45,1.2,2.25,0.33,605,3,74.09,62.607520661157025,1.6500000000000001,-1.83,34.129380165289255,2.6618974,7.7520475,2.0369353,5.26654,0.40035132,3.8820567,3.1547387,2.6432397,2.2748892,5.5169716,2,0,1,2,0
98658,12337,Forward,22,Sebastian Nanasi,480,1372,0.75,1.22,0.2,81.67,0.26239067055393583,70.0,40.0,0.022390670553935843,0.81,0.81,1.02,0.0,0.88,0.54,0.41,1372,3,83.84,110.28478134110787,1.02,-0.07,48.76869533527697,0.62507254,5.973413,-0.0929325,0.31303322,4.6477184,0.4605404,10.902335,1.997982,-2.5867186,5.007752,1,2,2,1,2
602132,12337,Forward,23,Arnaud Kalimuendo,442,1407,0.07,0.41,0.0,79.5,0.255863539445629,72.73,36.36,-0.10413646055437098,0.61,2.19,1.57,0.48,0.48,0.82,0.06,1407,3,79.98,109.24172707889126,-0.010000000000000009,-0.8799999999999999,47.08293176972282,5.693404,5.040655,-0.08251219,0.5621736,-0.31849635,1.9788203,11.482067,1.897502,-2.0939996,4.4289403,0,2,1,1,2
4117,12337,Forward,33,Joshua King,439,1116,0.09,0.94,0.16,73.46,0.3225806451612903,54.55,18.18,-0.007419354838709702,1.55,1.63,1.29,0.43,0.52,1.98,0.31,1116,1,74.64999999999999,73.04516129032258,1.2100000000000002,-2.1999999999999997,36.67629032258065,2.7210236,7.5605354,1.2316765,2.914239,3.3851955,2.896113,8.129052,0.006546251,1.7117455,5.345808,2,0,0,1,0
17719,12337,Forward,28,Neal Maupay,443,847,0.0,1.26,0.43,82.08,0.3187721369539551,63.64,27.27,0.07877213695395502,0.34,1.03,1.72,0.11,0.8,0.92,0.0,847,2,83.77,91.30754427390791,1.03,-0.22999999999999998,43.96938606847698,-0.9479671,6.973073,0.35307842,1.4020903,-0.767605,1.96263,5.5884233,1.3870755,-2.037354,5.9183517,1,2,1,2,2
13200,12337,Forward,25,Krepin Diatta,56,235,0.0,0.47,0.0,71.79,0.0,50.0,0.0,-0.18,0.94,0.0,1.88,0.0,5.18,3.3,1.0,235,2,72.26,49.82,2.82,0.8799999999999999,31.445,5.6322875,6.6827993,3.4532862,9.246887,-0.8988616,3.2748795,0.1786297,9.506879,4.0292234,6.2486777,2,1,1,0,0
81422,12337,Forward,28,Mbala N'Zola,449,1129,0.0,1.6,0.08,74.87,0.47829937998228517,46.15,19.23,-0.07170062001771482,0.94,2.72,0.94,1.69,0.28,1.6,0.31,1129,2,76.55000000000001,65.78659875996458,-0.8400000000000003,-3.32,34.54414968999115,3.8234127,7.094923,2.4130037,0.73754466,5.0914946,1.0163754,7.996787,-0.12535542,2.8003435,5.8797874,2,2,2,1,0
590836,12337,Forward,20,Youssoufa Moukoko,445,200,0.45,2.27,0.45,80.95,0.9,66.67,66.67,0.3400000000000001,0.91,1.36,1.36,2.27,1.36,0.45,0.1,200,3,84.12,134.58,0.91,-1.46,54.5375,-1.6245373,6.4045105,0.35091758,-1.5995475,2.411485,1.0955422,0.32593566,6.584622,-2.7291217,4.7105236,1,2,2,0,2
40400,12337,Forward,25,Edon Zhegrova,441,986,1.1,1.28,0.09,85.09,0.36511156186612576,42.11,21.05,-0.05488843813387423,1.92,2.1,0.91,0.46,0.46,0.91,0.33,986,2,87.56,63.470223123732254,0.7299999999999999,-1.24,37.630055780933056,1.2074472,5.047012,2.3499434,1.9604093,4.788352,3.4595964,6.8634825,0.24729307,0.118641995,8.39232,1,2,0,1,2
145638,12337,Forward,24,Sofiane Diop,445,718,0.5,1.87,0.38,82.14,0.6267409470752089,71.43,35.71,0.09674094707520886,0.75,1.12,1.5,0.25,2.62,1.37,0.67,718,2,84.89,107.86348189415042,1.13,0.32999999999999996,48.553370473537605,-1.2467595,6.3119373,0.40650758,-1.0168086,0.017519478,1.915257,4.8102016,3.7566001,-2.5726123,5.0791235,1,2,1,2,2
787844,12337,Forward,23,Ibrahim Salah,491,333,1.09,1.64,0.27,74.55,0.2702702702702703,33.33,11.11,-0.0697297297297298,2.45,1.36,0.82,0.27,1.09,1.64,0.4,333,3,77.55,44.64054054054054,1.9100000000000001,-1.2199999999999998,30.720135135135134,-0.51647186,5.397392,2.944503,4.4111238,4.6535735,3.8623693,0.42149076,5.371741,3.8339221,6.7712817,1,0,0,0,0
39921,12337,Forward,25,João Pedro Neves Filipe,442,331,0.54,1.36,0.0,80.0,0.2719033232628399,60.0,20.0,-0.10809667673716011,1.63,0.54,0.54,0.82,1.63,0.82,0.22,331,2,81.9,80.16380664652569,1.63,-0.23,40.86595166163142,4.18622,4.579162,0.6218286,3.2903209,5.9997773,4.106077,1.8590009,4.4793043,-0.96460944,6.9358454,0,0,0,2,2
40225,12337,Forward,25,Ignatius Ganago,440,231,0.39,1.93,0.0,80.52,0.0,0.0,0.0,-0.23,1.93,0.39,1.16,0.77,0.39,0.77,0.09,231,2,82.83999999999999,-0.23,2.7,-1.24,21.0175,4.264978,4.0243444,2.3444803,11.487408,3.6782105,3.4819965,-1.0751007,6.058772,7.8280306,5.2471204,0,1,0,0,1
194792,12337,Forward,23,Mohammed Daramy,451,14,0.0,6.43,0.0,100.0,0.0,0.0,0.0,-0.32,0.0,6.43,0.0,0.0,0.0,0.0,0.0,14,3,106.43,-0.32,-6.43,0.0,24.92,0.19337386,4.698244,2.255603,11.508588,13.514357,6.4300284,-3.6607041,7.108501,7.0350986,5.94095,1,1,0,0,1
3982,12337,Forward,32,Wilfried Zaha,57,71,0.0,0.0,0.0,81.82,0.0,100.0,0.0,-0.23,2.54,8.87,2.54,0.0,1.27,2.54,0.25,71,1,81.82,99.77,-3.789999999999999,-1.52,44.06999999999999,6.312499,4.8335276,-1.1262273,8.743826,-0.83036363,5.3083515,-0.026983313,6.862442,-1.4483275,4.588919,0,1,1,0,2
793849,12337,Forward,19,Axel Gueguin,435,22,4.09,0.0,0.0,100.0,0.0,0.0,0.0,-0.04,0.0,0.0,0.0,0.0,4.09,16.36,0.0,22,3,104.09,-0.04,0.0,-12.27,22.945,0.19144167,3.9086812,4.0454793,12.8234,14.161522,7.4722543,0.13350657,9.273629,7.730308,6.0408244,1,1,0,0,1
861808,12337,Forward,19,Junior Ndiaye,435,63,0.0,1.43,0.0,58.82,0.0,0.0,0.0,-0.09,0.0,0.0,1.43,0.0,1.43,0.0,0.0,63,3,60.25,-0.09,1.43,1.43,15.754999999999999,5.325072,8.834795,3.4223619,12.801435,0.21648055,1.0739983,-6.0699396e-05,6.9770427,6.917312,4.652749,2,1,0,0,1
462193,12337,Forward,35,Andre Ayew,493,818,0.0,0.12,0.0,77.61,0.2200488997555012,42.86,28.57,-0.02995110024449879,0.25,1.85,2.1,0.37,1.11,0.87,0.18,818,1,77.73,71.620097799511,0.5,-0.3099999999999999,37.38502444987775,6.197818,5.2869854,1.6701478,2.088288,-2.1726105,3.5345056,5.4812984,1.8922404,1.0929676,6.589629,0,2,1,2,2
861143,12337,Forward,19,Lucas Michal,56,64,0.0,1.88,0.0,92.86,0.0,0.0,0.0,-0.22,0.0,0.0,1.88,0.0,3.75,1.88,0.0,64,3,94.74,-0.22,1.88,1.87,24.5675,4.6461053,3.8456688,2.3656538,11.504949,-1.2247219,2.2614167,0.2569074,9.055067,7.889618,5.7089443,0,1,1,0,1
732677,12337,Forward,21,Bilal Nadir,443,141,1.43,2.14,0.0,87.76,0.6382978723404256,100.0,100.0,-0.09170212765957442,0.0,0.0,2.86,0.0,2.14,1.43,0.17,141,3,91.33000000000001,200.54659574468087,2.86,0.5400000000000001,73.81914893617024,0.48778155,4.135368,-0.06662815,-1.1066049,-2.6683335,5.4830027,0.15349731,7.8068194,-2.8774905,4.805786,1,2,1,0,2
5119,12337,Forward,31,Ahmed Hassan,493,70,0.0,0.0,0.0,100.0,0.0,0.0,0.0,-0.03,0.0,0.0,0.0,3.46,0.0,3.46,0.0,70,1,100.0,-0.03,0.0,-6.92,23.2625,6.677875,3.88074,4.216894,12.740265,14.098476,7.4143972,-2.5914633,6.749654,7.8171,5.9425383,0,1,0,0,1
