Player,Position,Appearances,Club ID,Player ID,Team Name,assists_per_90_overall,key_passes_per_90_overall,interceptions_per_90_overall,cross_completion_rate_overall,conceded_per_90_overall,pass_completion_rate_overall,blocks_per_90_overall,pen_committed_per_90_overall,fouls_committed_per_90_overall,duels_won_per_90_overall,dispossesed_per_90_overall,accurate_crosses_per_90_overall,goals_per_90_overall,clean_sheets_per_overall,Team Possession,Composite_Score
Trent Alexander-Arnold,"Right-back, midfielder",21,151,4156,Liverpool,0.8205128205128205,0.8258064516129032,0.5252100840336135,0.5528000000000001,-0.1866028708133972,0.8175961132234895,0.26143790849673204,-0.0,-0.19491525423728817,0.46413502109704635,-0.47133757961783435,0.9507389162561577,0.20833333333333337,0.9347826086956521,59,8.696403486357115
Antonee Robinson,Left-back,23,162,39191,Fulham,1.0,0.46774193548387094,0.8403361344537815,0.6,-0.3827751196172249,0.8475918884664131,0.11764705882352941,-0.0,-0.3855932203389831,0.7988748241912799,-0.375796178343949,0.7389162561576356,0.0,0.3695652173913043,53,8.258789086307472
Riccardo Calafiori,Defender,12,59,606281,Arsenal,0.30769230769230765,0.16451612903225807,0.4285714285714286,0.44439999999999996,-0.3732057416267942,0.9145542881284325,0.49673202614379086,-0.0,-0.7542372881355933,1.0,-0.24203821656050956,0.12315270935960593,1.0,0.5434782608695652,55,7.712799200486651
Trevoh Chalobah,Centre-back,14,143,123517,Crystal Palace,0.1794871794871795,0.15161290322580645,0.7226890756302521,0.25,-0.3875598086124402,0.8670257710181664,0.5098039215686275,-0.0,-0.364406779661017,0.7355836849507736,-0.35031847133757965,0.0394088669950739,0.9166666666666667,0.45652173913043476,44,6.980160069380841
Lewis Hall,Unknown,23,157,685867,Newcastle United,0.3846153846153846,0.4838709677419355,0.3235294117647059,0.6136,-0.22009569377990432,0.9013519222644697,0.47058823529411764,-0.0,-0.15254237288135594,0.6244725738396625,-0.5605095541401274,0.6847290640394089,0.0,0.7608695652173912,51,6.8345814946915855
Pedro Porro,"Right-back, right wing-back",23,92,144981,Tottenham Hotspur,0.6153846153846153,0.5129032258064516,0.42016806722689076,0.5334000000000001,-0.5933014354066986,0.806400506970849,0.3594771241830066,-0.0,-0.27542372881355937,0.5260196905766527,-0.4140127388535032,0.7832512315270937,0.375,0.3695652173913043,58,6.733802060511601
Nathan Collins,"Centre-back, full-back",23,218,120008,Brentford,0.10256410256410256,0.058064516129032254,0.36134453781512604,0.6666,-0.507177033492823,0.9133924799324038,0.9477124183006536,-0.0,-0.23305084745762716,0.741209563994374,-0.17197452229299362,0.04433497536945813,0.375,0.2826086956521739,48,6.723219602947935
Konstantinos Mavropanos,Centre-back,19,153,41847,West Ham United,0.0,0.08387096774193549,0.8445378151260503,1.0,-0.5741626794258374,0.904414871144909,0.5947712418300654,-0.0,-0.3008474576271187,0.7580872011251757,-0.0,0.02955665024630542,0.0,0.34782608695652173,47,6.702499540662733
Gabriel Magalhães,Centre-back,21,59,17594,Arsenal,0.1282051282051282,0.16774193548387098,0.19747899159663865,0.0,-0.229665071770335,0.959125475285171,0.8562091503267975,-0.0,-0.33050847457627125,0.530239099859353,-0.06369426751592357,0.0,0.625,0.717391304347826,55,6.696458134996243
Marc Guehi,Centre-back,22,143,120100,Crystal Palace,0.1282051282051282,0.10645161290322581,0.319327731092437,0.5714,-0.430622009569378,0.8873046049852132,0.5882352941176471,-0.0,-0.1822033898305085,0.7229254571026722,-0.3057324840764331,0.049261083743842374,0.5833333333333335,0.5869565217391304,44,6.402070605876503
Joško Gvardiol,"Centre-back, left-back",22,93,588073,Manchester City,0.0,0.2838709677419355,0.4705882352941177,0.353,-0.33492822966507185,0.9744402196873679,0.35294117647058826,-0.0,-0.2076271186440678,0.6047819971870604,-0.375796178343949,0.07389162561576355,0.9583333333333335,0.5,61,6.399106908455332
Ibrahima Konaté,Centre-back,16,151,19532,Liverpool,0.358974358974359,0.11935483870967742,0.2773109243697479,0.0,-0.16267942583732062,0.9471905365441486,0.3856209150326797,-0.0,-0.4067796610169492,0.6736990154711674,-0.0445859872611465,0.0,0.29166666666666674,0.9565217391304348,59,6.345824291936839
Ashley Young,"Full-back, Winger",19,144,4194,Everton,0.46153846153846145,0.3580645161290323,0.5420168067226891,0.3636,-0.3253588516746412,0.7856991972961553,0.11764705882352941,-0.0,-0.6271186440677966,0.6315049226441631,-0.07643312101910828,0.3054187192118227,0.25,0.9130434782608695,40,6.319608894965507
Lisandro Martínez,Centre-back,19,149,29261,Manchester United,0.1282051282051282,0.16451612903225807,0.7394957983193278,0.6666,-0.39234449760765555,0.9510984368398816,0.30065359477124187,-0.0,-0.4830508474576271,0.45569620253164556,-0.07006369426751592,0.08374384236453204,0.45833333333333337,0.6956521739130435,53,6.255935405274014
Neco Williams,Full-back,20,211,123567,Nottingham Forest,0.1794871794871795,0.17419354838709677,0.546218487394958,0.6315999999999999,-0.18181818181818185,0.8523447401774397,0.24836601307189543,-0.0,-0.326271186440678,0.9268635724331926,-0.43949044585987257,0.2266009852216749,0.0,0.8695652173913043,40,6.227334219686937
Virgil van Dijk,Centre-back,22,151,4062,Liverpool,0.1282051282051282,0.12258064516129032,0.5798319327731092,0.0,-0.2105263157894737,0.9704267004647231,0.1895424836601307,-0.0,-0.1610169491525424,0.6160337552742615,-0.06369426751592357,0.0,0.20833333333333337,0.8913043478260869,59,6.080496083251208
Daniel Muñoz,Unknown,22,143,74909,Crystal Palace,0.23076923076923073,0.4516129032258064,0.5252100840336135,0.5714,-0.368421052631579,0.7990071820870299,0.06535947712418301,-0.0,-0.652542372881356,0.960618846694796,-0.3184713375796178,0.2955665024630542,0.375,0.5869565217391304,44,6.076310054238824
Jan Bednarek,Centre-back,19,146,38761,Southampton,0.0,0.07096774193548387,0.8235294117647058,0.0,-0.7129186602870814,0.9886987748204477,0.9869281045751634,-0.0,-0.5211864406779662,0.5527426160337553,-0.03821656050955414,0.0,0.45833333333333337,0.2391304347826087,52,5.900445390347901
Jacob Greaves,Centre-back,13,220,590391,Ipswich Town,0.0,0.025806451612903226,0.5588235294117647,0.0,-0.645933014354067,0.9038867765103505,0.7647058823529411,-0.0,-0.2457627118644068,0.8087201125175808,-0.10828025477707007,0.0,0.33333333333333337,0.32608695652173914,40,5.791320572136007
Lucas Digne,Left-back,23,158,3087,Aston Villa,0.41025641025641024,0.4935483870967742,0.5042016806722689,0.49560000000000004,-0.42105263157894746,0.8829742289818333,0.10457516339869281,-0.0,-0.39406779661016955,0.6230661040787623,-0.38216560509554137,0.7536945812807883,0.0,0.2826086956521739,50,5.675621852500364
Ola Aina,Full-back,23,211,4184,Nottingham Forest,0.1282051282051282,0.12258064516129032,0.5336134453781513,0.5334000000000001,-0.2966507177033494,0.8459019856358259,0.21568627450980393,-0.0,-0.2796610169491526,0.6272855133614627,-0.3885350318471337,0.187192118226601,0.375,0.8478260869565217,40,5.638632611266815
Cristian Romero,Unknown,12,92,28648,Tottenham Hotspur,0.0,0.20967741935483872,0.3487394957983193,0.6666,-0.3732057416267942,0.9536332910857626,0.18300653594771243,-0.0,-0.27542372881355937,0.8045007032348804,-0.178343949044586,0.04433497536945813,0.375,0.3695652173913043,58,5.636482554838825
Nikola Milenković,Centre-back,22,211,40308,Nottingham Forest,0.1282051282051282,0.06129032258064516,0.29831932773109243,0.0,-0.32057416267942584,0.8837135614702154,0.4379084967320262,-0.0,-0.2033898305084746,0.5555555555555556,-0.06369426751592357,0.0,0.375,0.8913043478260869,40,5.626543576426752
James Tarkowski,Centre-back,22,144,3964,Everton,0.0,0.17096774193548386,0.4831932773109243,0.0,-0.3444976076555023,0.8613223489649343,0.9084967320261438,-0.33333333333333337,-0.4872881355932203,0.880450070323488,-0.18471337579617833,0.0,0.0,0.7826086956521738,40,5.549906417942812
Fabian Schär,Centre-back,19,157,464679,Newcastle United,0.0,0.038709677419354833,0.5252100840336135,0.0,-0.2583732057416268,0.8935361216730037,0.5032679738562091,-0.0,-0.37711864406779666,0.4767932489451477,-0.07643312101910828,0.0,0.45833333333333337,0.8043478260869565,51,5.533849213457902
Matt Doherty,Unknown,16,223,7418,Wolverhampton Wanderers,0.20512820512820512,0.23548387096774193,0.5756302521008404,0.1334,-0.8851674641148327,0.8917405999155048,0.4771241830065359,-0.0,-0.38983050847457634,0.670886075949367,-0.17197452229299362,0.04433497536945813,0.7083333333333335,0.41304347826086957,47,5.533249162726669
Ethan Pinnock,Centre-back,16,218,39183,Brentford,0.0,0.16129032258064516,0.44537815126050423,0.25,-0.5789473684210527,0.9152936206168144,0.6535947712418301,-0.4,-0.13135593220338984,0.6863572433192686,-0.1592356687898089,0.02955665024630542,0.5416666666666667,0.13043478260869565,48,5.473462947593077
Andrew Robertson,Left-back,21,151,3920,Liverpool,0.0,0.532258064516129,0.25630252100840334,0.5656,-0.2679425837320575,0.9381073088297421,0.11764705882352941,-0.4,-0.15677966101694915,0.29113924050632906,-0.19108280254777069,0.8423645320197045,0.0,0.9347826086956521,59,5.392208338952202
Victor Kristansen,Unknown,20,108,698775,Leicester City,0.1282051282051282,0.26129032258064516,0.5,0.8136,-0.6794258373205743,0.8585762568652302,0.4248366013071896,-0.0,-0.25,0.659634317862166,-0.34394904458598724,0.6354679802955666,0.0,0.10869565217391304,45,5.365962053288175
Ian Maatsen,"Left-back, /, Winger",17,158,184029,Aston Villa,0.5641025641025641,1.0,0.6512605042016807,0.6315999999999999,-0.444976076555024,0.9037811575834388,0.0,-0.0,-0.5466101694915255,0.8734177215189873,-0.9872611464968153,0.7635467980295567,0.0,0.2608695652173913,50,5.3331488460252885
Emerson Palmieri,Left-back,21,153,2926,West Ham United,0.15384615384615383,0.2903225806451613,0.40336134453781514,0.653,-0.7272727272727273,0.8570975918884663,0.23529411764705882,-0.0,-0.43220338983050854,0.5907172995780591,-0.22929936305732482,0.47290640394088673,0.45833333333333337,0.41304347826086957,47,5.2833455246491905
Matthijs de Ligt,Centre-back,21,149,2838,Manchester United,0.0,0.07741935483870967,0.6596638655462185,0.6666,-0.4688995215311005,0.967258132657372,0.5555555555555556,-0.8,-0.33474576271186446,0.5021097046413502,-0.07643312101910828,0.02955665024630542,0.25,0.717391304347826,53,5.2552182495782365
Maxence Lacroix,Centre-back,20,143,186147,Crystal Palace,0.1282051282051282,0.05161290322580645,0.7941176470588235,0.0,-0.3971291866028709,0.8733629066328684,0.24183006535947713,-0.0,-0.47033898305084754,0.6511954992967651,-0.07006369426751592,0.0,0.20833333333333337,0.6521739130434783,44,5.203944053228857
Sepp van den Berg,"Centre-back, right-back",19,218,145974,Brentford,0.0,0.07741935483870967,0.3487394957983193,0.6666,-0.5741626794258374,0.8906844106463877,0.888888888888889,-0.0,-0.3008474576271187,0.6990154711673698,-0.19108280254777069,0.05911330049261084,0.0,0.2391304347826087,48,5.131779713026615
Harry Maguire,Centre-back,16,149,4233,Manchester United,0.0,0.12903225806451613,1.0,0.0,-0.4019138755980861,0.9129700042247569,0.4509803921568627,-0.0,-0.5042372881355932,0.530239099859353,-0.06369426751592357,0.0,0.0,0.6739130434782609,53,5.118178263868945
Vitalii Mykolenko,Left-back,20,144,61682,Everton,0.0,0.2290322580645161,0.5042016806722689,0.5958,-0.32057416267942584,0.8312209547950992,0.21568627450980393,-0.33333333333333337,-0.3686440677966102,0.630098452883263,-0.17197452229299362,0.37931034482758624,0.0,0.7608695652173912,40,5.1091423303768275
Kieran Trippier,Right-back,13,157,3160,Newcastle United,0.0,0.2290322580645161,0.3697478991596639,0.4118,-0.052631578947368446,0.9155048584706379,0.11764705882352941,-0.0,-0.7457627118644069,0.6694796061884669,-0.3375796178343949,0.6108374384236454,0.0,1.0,51,5.0672181512581345
Dan Burn,Defender,22,157,4906,Newcastle United,0.0,0.03225806451612903,0.29831932773109243,0.0,-0.23444976076555027,0.9608153781157582,0.4640522875816993,-0.0,-0.3220338983050848,0.7032348804500703,-0.06369426751592357,0.0,0.0,0.7826086956521738,51,5.066895267686573
James Justin,Full-back,22,108,10043,Leicester City,0.1282051282051282,0.1774193548387097,0.5210084033613446,0.4118,-0.770334928229665,0.820975918884664,0.29411764705882354,-0.0,-0.21186440677966104,0.7735583684950773,-0.22292993630573246,0.1724137931034483,0.375,0.10869565217391304,45,5.008843414788823
Kenny Tete,Right-back,15,162,2665,Fulham,0.358974358974359,0.11612903225806451,0.7773109243697479,0.6315999999999999,-0.3110047846889953,0.8770595690747781,0.28104575163398693,-0.0,-0.6949152542372882,0.749648382559775,-0.4522292993630573,0.2118226600985222,0.0,0.2826086956521739,53,4.923181427950612
Dara O'Shea,Defender,20,220,123543,Ipswich Town,0.0,0.0,0.5168067226890757,0.0,-0.6746411483253589,0.8305872412336289,0.8758169934640524,-0.0,-0.1822033898305085,0.759493670886076,-0.1019108280254777,0.0,0.0,0.21739130434782608,40,4.9228726713914
Joël Veltman,"Right-back, centre-back",17,209,2664,Brighton & Hove Albion,0.0,0.08387096774193549,0.3823529411764706,0.6315999999999999,-0.2105263157894737,0.8471694127587662,0.30065359477124187,-0.0,-0.5508474576271187,0.8509142053445851,-0.2929936305732484,0.19211822660098526,0.0,0.6086956521739131,53,4.919769148011602
Max Kilman,Centre-back,23,153,64822,West Ham United,0.1282051282051282,0.15161290322580645,0.45378151260504207,0.0,-0.7033492822966507,0.9094845796366707,0.7058823529411765,-0.0,-0.17796610169491525,0.6230661040787623,-0.057324840764331204,0.0,0.0,0.3695652173913043,47,4.850478289353308
Jarrad Branthwaite,Centre-back,15,144,199521,Everton,0.0,0.025806451612903226,0.41596638655462187,0.0,-0.20095693779904308,0.8787494719053653,0.3790849673202614,-0.0,-0.07203389830508476,0.5358649789029536,-0.1592356687898089,0.0,0.0,0.8695652173913043,40,4.826879578695883
Marc Cucurella,"Left-back, left wing-back",21,152,39628,Chelsea,0.1282051282051282,0.1774193548387097,0.3487394957983193,0.31579999999999997,-0.34928229665071764,0.9459231094212082,0.28758169934640526,-0.0,-0.4915254237288136,0.5358649789029536,-0.10828025477707007,0.08374384236453204,0.41666666666666674,0.30434782608695654,58,4.820425796148774
William Saliba,Centre-back,21,59,184012,Arsenal,0.0,0.05161290322580645,0.3025210084033613,0.0,-0.12918660287081338,0.995352767215885,0.23529411764705882,-0.33333333333333337,-0.37288135593220345,0.589310829817159,-0.1337579617834395,0.0,0.41666666666666674,0.8260869565217391,55,4.806558332775281
Caleb Okoli,Centre-back,13,108,195510,Leicester City,0.0,0.0,0.5210084033613446,0.0,-0.660287081339713,0.9151880016899028,0.8823529411764707,-0.0,-0.38135593220338987,0.680731364275668,-0.0,0.0,0.0,0.17391304347826086,45,4.769919801674495
Igor Julio,Centre-back,12,209,23186,Brighton & Hove Albion,0.0,0.03225806451612903,0.16806722689075632,1.0,-0.42105263157894746,0.9777144064216305,0.9150326797385621,-0.0,-0.38135593220338987,0.30942334739803096,-0.0,0.049261083743842374,0.0,0.17391304347826086,53,4.749774816213391
Aaron Wan-Bissaka,Right-back,22,153,4332,West Ham United,0.1282051282051282,0.30645161290322576,0.6932773109243697,0.4572,-0.7081339712918661,0.8635403464300802,0.19607843137254902,-0.0,-0.33898305084745767,0.6736990154711674,-0.4140127388535032,0.1970443349753695,0.375,0.3913043478260869,47,4.746071850118651
Felipe Rodrigues,Right back,16,211,203535,Nottingham Forest,0.0,0.0,0.4663865546218488,0.0,-0.0,0.7160963244613433,0.43137254901960786,-0.0,-0.47033898305084754,0.49789029535864976,-0.0,0.0,0.0,0.9565217391304348,40,4.737225515310289
Illia Zabarnyi,Centre-back,23,148,638145,AFC Bournemouth,0.0,0.132258064516129,0.42016806722689076,0.0,-0.32057416267942584,0.8651246303337556,0.4771241830065359,-0.0,-0.19067796610169493,0.5625879043600562,-0.089171974522293,0.0,0.0,0.5652173913043478,46,4.62005274890589
Leif Davis,"Left-back, centre-back",23,220,193898,Ipswich Town,0.23076923076923073,0.6,0.3235294117647059,0.6476000000000001,-0.6937799043062202,0.8569919729615546,0.11764705882352941,-0.6,-0.3855932203389831,0.5949367088607596,-0.2611464968152866,0.7635467980295567,0.16666666666666669,0.19565217391304346,40,4.604178838789544
Rúben Dias,Centre-back,14,93,38080,Manchester City,0.0,0.12258064516129032,0.4495798319327731,0.0,-0.2727272727272727,0.9917617237008871,0.5032679738562091,-0.0,-0.19491525423728817,0.3333333333333333,-0.05095541401273885,0.0,0.0,0.6086956521739131,61,4.532344060347604
Pervis Estupiñán,Left-back,18,209,10813,Brighton & Hove Albion,0.15384615384615383,0.4096774193548387,0.5084033613445378,0.7709999999999999,-0.43540669856459335,0.9350443599493028,0.08496732026143791,-0.0,-0.6440677966101696,0.7679324894514767,-0.8471337579617835,1.0,0.0,0.3695652173913043,53,4.518212231668562
Yukinari Sugawara,Right-back,20,146,148395,Southampton,0.20512820512820512,0.4129032258064516,0.23529411764705885,0.4364,-0.6937799043062202,0.8969159273341781,0.3137254901960784,-0.5333333333333333,-0.33898305084745767,0.44866385372714485,-0.1019108280254777,0.47290640394088673,0.33333333333333337,0.21739130434782608,52,4.4227013187780715
Noussair Mazraoui,Defender,23,149,15505,Manchester United,0.1282051282051282,0.17096774193548386,0.49159663865546216,0.46159999999999995,-0.40669856459330145,0.9038867765103505,0.1372549019607843,-0.33333333333333337,-0.5423728813559323,0.9887482419127989,-0.375796178343949,0.0788177339901478,0.0,0.6521739130434783,53,4.371643979097457
Taylor Harwood-Bellis,Centre-back,22,146,139515,Southampton,0.0,0.16451612903225807,0.49579831932773105,0.0,-0.660287081339713,0.9393747359526826,1.0,-0.0,-0.5,0.510548523206751,-0.16560509554140126,0.0,0.20833333333333337,0.19565217391304346,52,4.361437200489419
Álex Moreno,Unknown,13,211,11103,Nottingham Forest,0.28205128205128205,0.14516129032258066,0.7142857142857143,0.46159999999999995,-0.5358851674641149,0.797211660329531,0.29411764705882354,-0.0,-0.5254237288135594,0.5724331926863573,-0.3630573248407643,0.16748768472906408,0.0,0.6739130434782609,40,4.296492121691101
Lewis Dunk,Centre-back,18,209,7270,Brighton & Hove Albion,0.0,0.10645161290322581,0.3025210084033613,0.0,-0.444976076555024,0.9670468948035487,0.5947712418300654,-0.0,-0.1398305084745763,0.44866385372714485,-0.12738853503184713,0.0,0.0,0.6086956521739131,53,4.238038341177782
Levi Colwill,Centre-back,21,152,590346,Chelsea,0.1282051282051282,0.1129032258064516,0.4831932773109243,0.25,-0.3444976076555023,0.9515209125475285,0.5882352941176471,-0.33333333333333337,-0.4872881355932203,0.5414908579465542,-0.19108280254777069,0.024630541871921187,0.0,0.41304347826086957,58,4.181836358539192
Matty Cash,Right-back,16,158,7358,Aston Villa,0.1794871794871795,0.14838709677419354,0.4831932773109243,0.4,-0.27751196172248804,0.9035699197296154,0.30065359477124187,-1.0,-0.6186440677966102,0.7032348804500703,-0.19745222929936304,0.11330049261083745,0.29166666666666674,0.2826086956521739,50,4.099773947993223
Wout Faes,Centre-back,20,108,14833,Leicester City,0.0,0.058064516129032254,0.31092436974789917,0.0,-0.6315789473684211,0.9167722855935783,0.803921568627451,-0.0,-0.3135593220338983,0.5288326300984528,-0.11464968152866241,0.0,0.25,0.10869565217391304,45,4.082268923145534
Jurriën Timber,Defender,20,59,193484,Arsenal,0.1282051282051282,0.25806451612903225,0.33613445378151263,0.33340000000000003,-0.1866028708133972,0.932826362484157,0.15032679738562094,-0.0,-0.4830508474576271,0.5850914205344585,-0.5095541401273885,0.08374384236453204,0.20833333333333337,0.8695652173913043,55,4.027473973308066
Wesley Fofana,Unknown,12,152,162404,Chelsea,0.0,0.14193548387096774,0.3697478991596639,0.0,-0.26315789473684215,0.9522602450359102,0.5228758169934641,-0.0,-0.711864406779661,0.6976090014064698,-0.17197452229299362,0.0,0.0,0.5434782608695652,58,4.002040501426032
Tyrick Mitchell,"Left-back, /, left wing-back",23,143,626942,Crystal Palace,0.3333333333333333,0.37741935483870964,0.1596638655462185,0.4226,-0.42105263157894746,0.78474862695395,0.24836601307189543,-0.0,-0.23728813559322037,0.6666666666666666,-0.5987261146496815,0.3448275862068966,0.0,0.5652173913043478,44,3.9942557180742644
Rayan Aït Nouri,"Left-back, left wing-back",22,223,159519,Wolverhampton Wanderers,0.6153846153846153,0.3225806451612903,0.31512605042016806,0.409,-0.84688995215311,0.9118081960287282,0.13071895424836602,-0.0,-0.44491525423728817,0.8213783403656821,-0.7961783439490445,0.22167487684729067,0.5833333333333335,0.19565217391304346,47,3.975314448068454
Mads Roerslev,"Right-back, right wing-back",19,218,26535,Brentford,0.41025641025641024,0.38387096774193546,0.11344537815126052,0.2068,-0.34928229665071764,0.8639628221377269,0.30065359477124187,-0.0,-0.19491525423728817,0.5147679324894515,-0.35031847133757965,0.13300492610837442,0.0,0.2391304347826087,48,3.877400947054176
Vladimír Coufal,Right-back,14,153,84529,West Ham United,0.0,0.25483870967741934,0.19747899159663865,0.75,-0.645933014354067,0.8403041825095056,0.6143790849673202,-0.0,-1.0,0.7074542897327708,-0.29936305732484075,0.46305418719211827,0.0,0.6086956521739131,47,3.776374922898154
Timothy Castagne,Full-back,13,162,21538,Fulham,0.28205128205128205,0.24193548387096775,0.5252100840336135,0.2,-0.49282296650717705,0.8921630756231516,0.08496732026143791,-0.8666666666666667,-0.1610169491525424,0.7580872011251757,-0.3184713375796178,0.12315270935960593,0.0,0.32608695652173914,53,3.7276124757014557
Diogo Dalot,Full-back,22,149,39933,Manchester United,0.1282051282051282,0.25161290322580643,0.5504201680672269,0.18760000000000002,-0.4162679425837321,0.879594423320659,0.25490196078431376,-0.33333333333333337,-0.597457627118644,0.5991561181434598,-0.2484076433121019,0.07389162561576355,0.0,0.6956521739130435,53,3.6003526408810207
Issa Diop,Unknown,16,162,17398,Fulham,0.0,0.054838709677419356,0.1764705882352941,0.0,-0.3253588516746412,0.9205745669623995,0.3856209150326797,-0.0,-0.25,0.4866385372714486,-0.05095541401273885,0.0,0.0,0.41304347826086957,53,3.5895459948258823
Ezri Konsa,"Centre-back, right-back",21,158,8185,Aston Villa,0.0,0.05161290322580645,0.3067226890756303,0.0,-0.4401913875598087,0.9707435572454582,0.16993464052287582,-0.0,-0.04237288135593221,0.4922644163150492,-0.19745222929936304,0.0,0.20833333333333337,0.30434782608695654,50,3.5867371928829352
Craig Dawson,Centre-back,15,223,3988,Wolverhampton Wanderers,0.0,0.06129032258064516,0.3907563025210084,0.0,-0.7799043062200957,0.9170891423743134,0.6666666666666667,-0.0,-0.23728813559322037,0.4964838255977496,-0.12101910828025478,0.0,0.0,0.43478260869565216,47,3.5371064227261266
Chris Richards,Unknown,12,143,179237,Crystal Palace,0.0,0.035483870967741936,0.3277310924369748,0.0,-0.47846889952153104,0.8731516687790452,0.36601307189542487,-0.0,-0.2838983050847458,0.5189873417721519,-0.14012738853503184,0.0,0.0,0.717391304347826,44,3.498512292037264
Calvin Ughelumba,"Left-back, centre-back",22,162,120375,Fulham,0.0,0.03225806451612903,0.2605042016806723,0.0,-0.36363636363636365,0.9528939585973805,0.40522875816993464,-0.0,-0.2627118644067797,0.509142053445851,-0.15286624203821655,0.0,0.0,0.3913043478260869,53,3.476947227374807
Manuel Akanji,Defender,19,93,35453,Manchester City,0.0,0.17096774193548386,0.14705882352941177,0.5454,-0.3301435406698565,0.9999999999999999,0.3071895424836601,-0.0,-0.37288135593220345,0.35583684950773553,-0.18471337579617833,0.08866995073891626,0.0,0.5652173913043478,61,3.474742394674359
Santiago Bueno,Centre-back,16,223,86486,Wolverhampton Wanderers,0.0,0.0,0.3949579831932773,0.0,-0.6411483253588517,0.9225813265737218,0.803921568627451,-0.0,-0.614406779661017,0.530239099859353,-0.089171974522293,0.0,0.0,0.41304347826086957,47,3.4680564010212125
Adam Smith,Unknown,17,148,4110,AFC Bournemouth,0.0,0.08387096774193549,0.3991596638655462,0.33340000000000003,-0.3397129186602871,0.8374524714828897,0.11111111111111112,-0.0,-0.2923728813559322,0.4880450070323488,-0.16560509554140126,0.12807881773399016,0.0,0.3913043478260869,46,3.4633275783955013
Nélson Semedo,"Right-back, right wing-back",19,223,467933,Wolverhampton Wanderers,0.4358974358974359,0.26774193548387093,0.22268907563025211,0.4,-0.5980861244019139,0.8578369243768482,0.3071895424836601,-0.4,-0.6271186440677966,0.7482419127988749,-0.3375796178343949,0.1477832512315271,0.0,0.34782608695652173,47,3.3399378296338584
Destiny Udogie,Left-back,18,92,682598,Tottenham Hotspur,0.15384615384615383,0.26129032258064516,0.44537815126050423,0.33340000000000003,-0.4258373205741627,0.9419095901985636,0.08496732026143791,-0.0,-0.5550847457627119,0.8973277074542897,-0.6369426751592356,0.0935960591133005,0.0,0.4782608695652174,58,3.331656705717196
Malo Gusto,Right-back,19,152,637914,Chelsea,0.1794871794871795,0.27741935483870966,0.4831932773109243,0.3428,-0.3397129186602871,0.9413814955640049,0.28104575163398693,-0.0,-0.39406779661016955,0.4542897327707454,-0.5477707006369427,0.2118226600985222,0.0,0.2391304347826087,58,3.3052061836710496
Kyle Walker,Right-back,15,93,3147,Manchester City,0.0,0.20967741935483872,0.11764705882352942,0.5714,-0.645933014354067,0.940325306294888,0.24183006535947713,-0.0,-0.23728813559322037,0.44585091420534456,-0.12101910828025478,0.18226600985221678,0.0,0.2826086956521739,61,3.2358761135479295
Rico Lewis,"Full-back, defensive midfielder",19,93,682300,Manchester City,0.3333333333333333,0.14516129032258066,0.29411764705882354,0.0,-0.3827751196172249,0.9717997465145753,0.16993464052287582,-0.0,-0.27118644067796616,0.5316455696202531,-0.6114649681528662,0.0,0.25,0.5652173913043478,61,3.201368100297923
Jean-Clair Todibo,Centre-back,15,153,183888,West Ham United,0.0,0.06774193548387096,0.3949579831932773,0.0,-0.7990430622009569,0.9419095901985636,0.5490196078431372,-0.0,-0.2669491525423729,0.6610407876230661,-0.40127388535031844,0.0,0.0,0.5869565217391304,47,3.073789097024541
Toti Gomes,"Centre-back, left-back",16,223,202497,Wolverhampton Wanderers,0.1794871794871795,0.0903225806451613,0.2689075630252101,0.0,-0.6507177033492824,0.886670891423743,0.5098039215686275,-0.46666666666666673,-0.33050847457627125,0.7398030942334739,-0.3184713375796178,0.0,0.0,0.41304347826086957,47,3.0279814173593453
Jannik Vestergaard,Centre-back,15,108,1212,Leicester City,0.0,0.025806451612903226,0.40756302521008403,0.0,-0.8373205741626794,0.96092099704267,0.4771241830065359,-0.0,-0.37711864406779666,0.5232067510548524,-0.0,0.0,0.0,0.0,45,2.857764678835088
Valentino Livramento,Full-back,22,157,168149,Newcastle United,0.0,0.15483870967741933,0.45378151260504207,0.33340000000000003,-0.3157894736842106,0.9019856358259399,0.23529411764705882,-0.0,-0.1016949152542373,0.6526019690576652,-1.0,0.1477832512315271,0.0,0.6956521739130435,51,2.784417047505699
Pau Torres,Centre-back,18,158,39568,Aston Villa,0.0,0.019354838709677417,0.12184873949579832,0.0,-0.46411483253588515,0.9357836924376847,0.30065359477124187,-0.0,-0.1483050847457627,0.42475386779184243,-0.10828025477707007,0.0,0.0,0.2391304347826087,50,2.6996383313827574
Ben Johnson,Unknown,14,220,120444,Ipswich Town,0.28205128205128205,0.19032258064516128,0.44537815126050423,0.4286,-0.9999999999999999,0.853295310519645,0.3856209150326797,-0.0,-0.6483050847457628,0.7468354430379746,-0.751592356687898,0.1724137931034483,0.0,0.15217391304347827,40,1.737734487182462
Dean Donny Huijsen,Unknown,17,148,793294,AFC Bournemouth,0.0,0.0,0.0,0.0,-0.17224880382775123,0.0,0.0,-0.0,-0.0,0.0,-0.0,0.0,0.6666666666666667,0.6086956521739131,46,1.5975313778517441
Kyle Walker-Peters,Full-back,21,146,4600,Southampton,0.2564102564102564,0.26129032258064516,0.2773109243697479,0.24239999999999998,-0.7894736842105263,0.9663075623151667,0.36601307189542487,-0.0,-0.4279661016949153,0.5963431786216596,-0.8343949044585988,0.09852216748768475,0.0,0.21739130434782608,52,1.501174842563332
Milos Kerkez,"Left-back, left wing-back",23,148,737736,AFC Bournemouth,0.358974358974359,0.0,0.0,0.0,-0.3397129186602871,0.0,0.0,-0.0,-0.0,0.0,-0.0,0.0,0.375,0.5652173913043478,46,1.3537402719324916
Jan Paul van Hecke,Centre-back,21,209,193267,Brighton & Hove Albion,0.1282051282051282,0.0,0.0,0.0,-0.2822966507177034,0.0,0.0,-0.0,-0.0,0.0,-0.0,0.0,0.0,0.5217391304347826,53,0.21355608540963222
Joachim Andersen,Unknown,15,143,14505,Crystal Palace,0.0,0.0,0.0,0.0,-0.4832535885167464,0.0,0.0,-0.0,-0.0,0.0,-0.0,0.0,0.0,0.43478260869565216,44,-0.5317245683378407
Radu Drăgușin,Defender,16,92,632467,Tottenham Hotspur,0.0,0.0,0.0,0.0,-0.7942583732057418,0.0,0.0,-0.0,-0.0,0.0,-0.0,0.0,0.0,0.41304347826086957,58,-1.175473268150614
